account_id,account_name,industry,country,signup_date,referral_source,plan_tier,seats,is_trial,churn_flag,total_mrr,avg_sub_mrr,max_sub_mrr,total_subscriptions_count,upgrade_count,downgrade_count,annual_billing_count,monthly_billing_count,first_sub_date,last_sub_date,net_expansion_score,annual_billing_ratio,total_feature_events,total_duration_hours,avg_session_duration_mins,total_errors,distinct_features_used,beta_feature_events,error_rate_per_100_events,beta_feature_usage_ratio,total_tickets,avg_csat,min_csat,avg_first_response_min,avg_resolution_hours,total_escalations,urgent_tickets,high_tickets,escalation_rate_pct,urgent_ticket_ratio,churn_reason,refund_amount_usd,is_reactivation,churn_date,mrr_per_seat,signup_dt,churn_dt,tenure_days,tenure_months
A-2e4581,Company_0,EdTech,US,2024-10-16,partner,Basic,9,0,0,12603.0,1260.3,5771.0,10,1,0,3,7,2024-10-20,2024-12-22,1,0.3,55,42.31638888888889,46.163333333333334,38,27,4,69.0909090909091,0.07272727272727272,2,3.0,3.0,91.0,23.0,0,1,1.0,0.0,1.0,budget,0.0,False,2024-11-23,1400.3333333333333,2024-10-16,2024-11-23,38,1.2
A-43a9e3,Company_1,FinTech,IN,2023-08-17,other,Basic,18,0,1,10004.0,1250.5,5572.0,8,3,0,6,2,2023-09-20,2024-07-08,3,0.75,35,28.093333333333334,48.16,14,23,2,40.0,0.05714285714285714,3,4.0,3.0,73.33333333333333,38.0,0,2,0.0,0.0,0.6666666666666666,,0.0,,,555.7777777777778,2023-08-17,,502,16.5
A-0a282f,Company_2,DevTools,US,2024-08-27,organic,Basic,1,0,0,18286.0,1219.0666666666666,5771.0,15,1,1,7,8,2024-08-31,2024-12-27,0,0.4666666666666667,83,69.78055555555555,50.4437751004016,48,34,5,57.831325301204814,0.060240963855421686,3,4.666666666666667,4.0,63.666666666666664,43.666666666666664,0,1,0.0,0.0,0.3333333333333333,features,62.66,False,2024-10-06,18286.0,2024-08-27,2024-10-06,40,1.3
A-1f0ac7,Company_3,HealthTech,UK,2023-08-27,other,Basic,24,1,0,9275.0,1325.0,4776.0,7,2,0,3,4,2023-12-04,2024-12-20,2,0.42857142857142855,41,28.48,41.6780487804878,21,26,5,51.21951219512195,0.12195121951219512,2,3.981276595744681,,174.0,29.0,0,0,1.0,0.0,0.5,support,0.0,False,2024-11-08,386.4583333333333,2023-08-27,2024-11-08,439,14.4
A-ce550d,Company_4,HealthTech,US,2024-10-27,event,Enterprise,35,0,1,48761.0,5417.888888888889,21691.0,9,2,0,5,4,2024-10-28,2024-12-31,2,0.5555555555555556,58,59.93861111111111,62.005459770114946,31,32,4,53.44827586206896,0.06896551724137931,7,3.8,3.0,107.85714285714286,42.285714285714285,1,2,2.0,14.285714285714285,0.5714285714285714,budget,0.0,False,2024-12-28,1393.1714285714286,2024-10-27,2024-12-28,62,2.0
A-1b9609,Company_5,EdTech,IN,2023-10-12,ads,Enterprise,4,0,0,16810.0,1528.1818181818182,6965.0,11,0,0,6,5,2023-12-01,2024-10-03,0,0.5454545454545454,47,39.03916666666667,49.83723404255319,21,28,6,44.680851063829785,0.1276595744680851,4,3.0,3.0,74.75,43.0,0,1,2.0,0.0,0.75,unknown,0.0,False,2024-11-16,4202.5,2023-10-12,2024-11-16,401,13.2
A-a0ca4e,Company_6,Cybersecurity,US,2024-03-08,ads,Pro,11,0,0,16633.0,1848.111111111111,5174.0,9,0,0,7,2,2024-03-16,2024-12-01,0,0.7777777777777778,39,32.49,49.98461538461538,14,26,3,35.8974358974359,0.07692307692307693,6,3.8,3.0,89.83333333333333,39.166666666666664,3,0,2.0,50.0,0.3333333333333333,,0.0,,,1512.090909090909,2024-03-08,,298,9.8
A-e5d6ab,Company_7,EdTech,US,2023-04-15,partner,Pro,3,0,0,13048.0,1304.8,4179.0,10,0,0,5,5,2023-05-11,2024-11-10,0,0.5,41,30.97388888888889,45.327642276422765,23,29,5,56.09756097560976,0.12195121951219512,3,3.981276595744681,,57.0,42.666666666666664,0,0,2.0,0.0,0.6666666666666666,features,0.0,False,2023-04-24,4349.333333333333,2023-04-15,2023-04-24,9,0.3
A-7dacce,Company_8,Cybersecurity,CA,2024-09-10,event,Enterprise,12,0,1,23057.0,2305.7,13333.0,10,1,0,8,2,2024-09-10,2024-12-04,1,0.8,48,40.39694444444444,50.49618055555556,29,27,5,60.416666666666664,0.10416666666666667,4,3.6666666666666665,3.0,75.25,32.5,0,1,3.0,0.0,1.0,features,0.0,False,2024-12-08,1921.4166666666667,2024-09-10,2024-12-08,89,2.9
A-10b8da,Company_9,DevTools,US,2023-05-08,partner,Enterprise,14,0,1,8787.0,1464.5,3383.0,6,1,0,3,3,2023-05-12,2024-09-14,1,0.5,27,20.505,45.56666666666667,14,23,2,51.85185185185185,0.07407407407407407,3,3.5,3.0,71.33333333333333,31.333333333333332,0,0,2.0,0.0,0.6666666666666666,,0.0,,,627.6428571428571,2023-05-08,,603,19.8
A-592832,Company_10,Cybersecurity,US,2024-09-25,organic,Basic,18,0,1,32571.0,1714.2631578947369,8358.0,19,1,1,10,9,2024-09-26,2024-12-31,0,0.5263157894736842,101,90.63416666666667,53.8420792079208,55,38,13,54.45544554455446,0.12871287128712872,3,5.0,5.0,80.66666666666667,32.666666666666664,0,0,1.0,0.0,0.3333333333333333,support,22.66,False,2024-10-04,1809.5,2024-09-25,2024-10-04,9,0.3
A-d40bf7,Company_11,FinTech,IN,2024-11-08,organic,Basic,59,0,0,43247.0,4324.7,11741.0,10,1,0,4,6,2024-11-09,2024-12-29,1,0.4,55,41.718333333333334,45.51090909090909,22,29,5,40.0,0.09090909090909091,2,5.0,5.0,125.5,20.5,0,2,0.0,0.0,1.0,,0.0,,,733.0,2024-11-08,,53,1.7
A-6c093d,Company_12,DevTools,US,2023-04-14,partner,Basic,7,1,0,16242.0,1353.5,12139.0,12,2,0,7,5,2023-04-30,2024-12-12,2,0.5833333333333334,64,60.354166666666664,56.58203125,30,30,10,46.875,0.15625,3,5.0,5.0,68.33333333333333,40.333333333333336,1,0,2.0,33.33333333333333,0.6666666666666666,,0.0,,,2320.285714285714,2023-04-14,,627,20.6
A-462d45,Company_13,Cybersecurity,US,2024-01-15,partner,Enterprise,11,1,0,23432.0,1952.6666666666667,10348.0,12,1,2,6,6,2024-01-16,2024-12-10,-1,0.5,69,44.3225,38.541304347826085,26,34,8,37.68115942028986,0.11594202898550725,4,4.0,4.0,95.0,26.75,0,1,2.0,0.0,0.75,competitor,0.0,False,2024-05-17,2130.181818181818,2024-01-15,2024-05-17,123,4.0
A-956988,Company_14,EdTech,UK,2024-11-30,ads,Enterprise,1,0,0,29407.0,2262.076923076923,10945.0,13,0,1,5,8,2024-12-01,2024-12-30,-1,0.38461538461538464,70,48.12,41.245714285714286,49,32,8,70.0,0.11428571428571428,2,3.0,3.0,118.0,50.5,0,1,0.0,0.0,0.5,unknown,0.0,True,2024-12-30,29407.0,2024-11-30,2024-12-30,30,1.0
A-ac14bb,Company_15,FinTech,US,2023-09-08,partner,Enterprise,21,0,0,27746.0,3468.25,14129.0,8,2,0,4,4,2023-09-27,2024-07-03,2,0.5,54,47.45166666666667,52.724074074074075,42,31,7,77.77777777777779,0.12962962962962962,2,4.0,4.0,30.5,24.5,0,0,1.0,0.0,0.5,competitor,128.79,False,2024-10-01,1321.2380952380952,2023-09-08,2024-10-01,389,12.8
A-463db0,Company_16,HealthTech,US,2024-12-05,partner,Basic,15,0,0,13266.0,1895.142857142857,8358.0,7,0,0,5,2,2024-12-09,2024-12-31,0,0.7142857142857143,37,29.51638888888889,47.86441441441442,13,25,3,35.13513513513514,0.08108108108108109,6,4.25,4.0,94.83333333333333,50.166666666666664,1,1,1.0,16.666666666666664,0.3333333333333333,features,0.0,True,2024-12-30,884.4,2024-12-05,2024-12-30,25,0.8
A-ce66f8,Company_17,EdTech,CA,2023-08-23,event,Pro,29,0,0,11858.0,1976.3333333333333,7363.0,6,0,0,4,2,2023-08-24,2024-07-27,0,0.6666666666666666,46,37.09972222222222,48.390942028985506,19,29,6,41.30434782608695,0.13043478260869565,6,3.5,3.0,79.16666666666667,41.666666666666664,0,2,0.0,0.0,0.3333333333333333,,0.0,,,408.8965517241379,2023-08-23,,496,16.3
A-c4ea60,Company_18,FinTech,DE,2023-03-09,other,Enterprise,18,0,1,14646.0,1627.3333333333333,3582.0,9,0,1,5,4,2023-04-11,2024-12-17,-1,0.5555555555555556,43,38.123333333333335,53.1953488372093,18,28,9,41.86046511627907,0.20930232558139536,5,3.6,3.0,59.0,36.0,0,1,0.0,0.0,0.2,,0.0,,,813.6666666666666,2023-03-09,,663,21.8
A-832ec2,Company_19,FinTech,UK,2023-11-19,event,Enterprise,4,1,0,9299.0,1162.375,4378.0,8,3,0,4,4,2024-01-02,2024-11-27,3,0.5,49,43.80861111111111,53.643197278911565,25,31,6,51.02040816326531,0.12244897959183673,3,4.0,4.0,108.66666666666667,26.0,1,0,1.0,33.33333333333333,0.3333333333333333,unknown,0.0,False,2023-12-19,2324.75,2023-11-19,2023-12-19,30,1.0
A-684255,Company_20,FinTech,US,2024-04-14,ads,Enterprise,9,0,0,11844.0,846.0,2786.0,14,3,1,10,4,2024-04-14,2024-12-15,2,0.7142857142857143,66,53.29138888888889,48.446717171717175,44,34,15,66.66666666666666,0.22727272727272727,4,4.666666666666667,4.0,97.75,14.25,1,1,0.0,25.0,0.25,unknown,0.0,True,2024-07-03,1316.0,2024-04-14,2024-07-03,80,2.6
A-c42f1f,Company_21,HealthTech,US,2024-07-28,other,Pro,8,0,0,5175.0,646.875,2388.0,8,1,1,5,3,2024-07-28,2024-12-29,0,0.625,35,27.328611111111112,46.84904761904762,20,24,5,57.14285714285714,0.14285714285714285,9,4.0,3.0,81.88888888888889,31.333333333333332,1,1,3.0,11.11111111111111,0.4444444444444444,,0.0,,,646.875,2024-07-28,,156,5.1
A-4e44e8,Company_22,DevTools,US,2024-08-20,ads,Enterprise,3,0,1,36445.0,2603.214285714286,15522.0,14,2,0,7,7,2024-08-23,2024-12-19,2,0.5,69,57.88527777777778,50.33502415458938,37,32,8,53.62318840579711,0.11594202898550725,3,3.3333333333333335,3.0,76.66666666666667,31.333333333333332,0,1,0.0,0.0,0.3333333333333333,budget,35.48,True,2024-10-11,12148.333333333334,2024-08-20,2024-10-11,52,1.7
A-30b4ca,Company_23,EdTech,IN,2024-05-20,organic,Basic,86,0,1,75938.0,9492.25,17114.0,8,0,0,3,5,2024-05-24,2024-10-03,0,0.375,42,35.39805555555556,50.5686507936508,22,28,10,52.38095238095239,0.23809523809523808,3,4.0,4.0,108.33333333333333,57.666666666666664,0,0,0.0,0.0,0.0,features,0.0,False,2024-09-01,883.0,2024-05-20,2024-09-01,104,3.4
A-9f2731,Company_24,FinTech,IN,2024-10-04,event,Enterprise,1,0,0,3613.0,516.1428571428571,1617.0,7,0,1,3,4,2024-10-12,2024-11-22,-1,0.42857142857142855,32,27.253611111111113,51.100520833333334,20,23,2,62.5,0.0625,0,3.981276595744681,,88.48,35.861,0,0,,0.0,0.0,features,136.94,False,2024-10-15,3613.0,2024-10-04,2024-10-15,11,0.4
A-32fb14,Company_25,DevTools,US,2023-03-07,event,Enterprise,26,0,1,10162.0,1129.111111111111,5174.0,9,2,0,6,3,2023-07-18,2024-11-09,2,0.6666666666666666,47,41.86333333333334,53.44255319148936,19,27,2,40.42553191489361,0.0425531914893617,5,4.5,4.0,59.6,34.0,0,3,0.0,0.0,0.6,budget,0.0,False,2023-08-19,390.84615384615387,2023-03-07,2023-08-19,165,5.4
A-00cac8,Company_26,HealthTech,AU,2023-09-15,organic,Enterprise,8,1,0,14121.0,1569.0,7761.0,9,0,1,4,5,2023-09-16,2024-12-02,-1,0.4444444444444444,58,47.60166666666667,49.24310344827586,31,30,7,53.44827586206896,0.1206896551724138,2,3.981276595744681,,120.5,33.0,0,2,0.0,0.0,1.0,,0.0,,,1765.125,2023-09-15,,473,15.5
A-35083d,Company_27,HealthTech,IN,2023-04-28,partner,Basic,19,0,1,32433.0,2027.0625,9751.0,16,3,0,7,9,2023-06-03,2024-12-15,3,0.4375,72,65.84861111111111,54.873842592592595,37,29,7,51.388888888888886,0.09722222222222222,4,5.0,5.0,119.0,49.75,0,0,3.0,0.0,0.75,,0.0,,,1707.0,2023-04-28,,613,20.1
A-eb7fac,Company_28,DevTools,US,2023-10-28,organic,Enterprise,7,0,0,42096.0,4209.6,27064.0,10,0,0,3,7,2023-12-26,2024-10-22,0,0.3,53,51.591388888888886,58.40534591194969,44,27,6,83.01886792452831,0.11320754716981132,4,4.0,4.0,126.5,34.0,0,2,0.0,0.0,0.5,unknown,0.0,False,2024-07-22,6013.714285714285,2023-10-28,2024-07-22,268,8.8
A-b20d99,Company_29,HealthTech,IN,2023-09-27,other,Basic,20,0,0,11069.0,1581.2857142857142,3980.0,7,1,0,3,4,2024-01-26,2024-11-03,1,0.42857142857142855,33,29.226111111111113,53.13838383838384,12,22,5,36.36363636363637,0.15151515151515152,2,3.5,3.0,27.0,61.5,0,0,0.0,0.0,0.0,features,0.0,False,2024-03-04,553.45,2023-09-27,2024-03-04,159,5.2
A-396e5f,Company_30,Cybersecurity,CA,2024-10-02,other,Enterprise,2,0,0,10236.0,1023.6,2597.0,10,2,1,4,6,2024-10-02,2024-12-19,1,0.4,55,48.72972222222222,53.15969696969697,23,29,5,41.81818181818181,0.09090909090909091,5,4.0,4.0,102.8,24.8,1,1,3.0,20.0,0.8,features,0.0,False,2024-11-30,5118.0,2024-10-02,2024-11-30,59,1.9
A-45ce7a,Company_31,FinTech,US,2023-07-23,ads,Enterprise,16,0,0,8216.0,1173.7142857142858,3184.0,7,2,1,2,5,2023-08-18,2024-11-13,1,0.2857142857142857,39,34.71611111111111,53.409401709401706,30,21,2,76.92307692307693,0.05128205128205128,5,3.6666666666666665,3.0,91.8,45.4,0,0,0.0,0.0,0.0,,0.0,,,513.5,2023-07-23,,527,17.3
A-08e34e,Company_32,EdTech,US,2024-06-27,event,Basic,14,0,1,21821.0,1983.7272727272727,5970.0,11,0,0,6,5,2024-07-01,2024-12-31,0,0.5454545454545454,63,51.92472222222222,49.4521164021164,32,34,7,50.79365079365079,0.1111111111111111,3,3.0,3.0,84.0,43.0,0,0,1.0,0.0,0.3333333333333333,competitor,228.75,False,2024-07-13,1558.642857142857,2024-06-27,2024-07-13,16,0.5
A-8145a0,Company_33,Cybersecurity,AU,2023-04-25,partner,Basic,2,1,0,17260.0,1438.3333333333333,4975.0,12,2,0,5,7,2023-08-07,2024-12-17,2,0.4166666666666667,64,55.60472222222222,52.12942708333333,27,32,5,42.1875,0.078125,6,4.0,3.0,90.16666666666667,23.666666666666668,0,1,1.0,0.0,0.3333333333333333,features,0.0,False,2023-07-12,8630.0,2023-04-25,2023-07-12,78,2.6
A-bad8c1,Company_34,FinTech,AU,2023-03-01,organic,Basic,7,0,0,7797.0,1113.857142857143,2646.0,7,2,0,1,6,2023-06-12,2024-06-03,2,0.14285714285714285,37,34.90972222222222,56.61036036036036,11,29,6,29.72972972972973,0.16216216216216217,1,4.0,4.0,49.0,27.0,0,0,1.0,0.0,1.0,unknown,0.0,True,2023-10-04,1113.857142857143,2023-03-01,2023-10-04,217,7.1
A-44dc83,Company_35,EdTech,FR,2024-05-12,other,Basic,5,0,0,456.0,114.0,456.0,4,0,0,3,1,2024-06-17,2024-11-26,0,0.75,24,22.533055555555556,56.332638888888894,13,16,3,54.166666666666664,0.125,7,4.6,4.0,76.14285714285714,40.857142857142854,0,1,3.0,0.0,0.5714285714285714,unknown,98.48,False,2024-11-29,91.2,2024-05-12,2024-11-29,201,6.6
A-f446b6,Company_36,DevTools,DE,2023-05-12,ads,Pro,5,1,0,11392.0,1265.7777777777778,3582.0,9,0,0,4,5,2023-05-28,2024-09-08,0,0.4444444444444444,39,35.420833333333334,54.493589743589745,31,27,3,79.48717948717949,0.07692307692307693,8,4.25,3.0,82.5,30.75,1,4,2.0,12.5,0.75,,0.0,,,2278.4,2023-05-12,,599,19.7
A-a45270,Company_37,HealthTech,US,2024-06-24,ads,Enterprise,3,0,0,20131.0,1677.5833333333333,4975.0,12,2,1,6,6,2024-07-12,2024-12-23,1,0.5,71,61.82833333333333,52.249295774647884,53,35,4,74.64788732394366,0.056338028169014086,4,4.0,4.0,110.0,64.0,0,1,2.0,0.0,0.75,pricing,0.0,False,2024-11-12,6710.333333333333,2024-06-24,2024-11-12,141,4.6
A-854864,Company_38,FinTech,IN,2024-12-07,event,Enterprise,20,0,0,14759.0,2459.8333333333335,4459.0,6,0,0,3,3,2024-12-09,2024-12-31,0,0.5,24,20.421388888888888,51.053472222222226,10,17,4,41.66666666666667,0.16666666666666666,5,4.8,4.0,100.8,44.2,0,0,2.0,0.0,0.4,support,8.47,False,2024-12-24,737.95,2024-12-07,2024-12-24,17,0.6
A-1b7577,Company_39,Cybersecurity,US,2024-10-27,other,Pro,4,0,0,8771.0,797.3636363636364,2009.0,11,0,1,5,6,2024-10-28,2024-12-30,-1,0.45454545454545453,62,54.33277777777778,52.580107526881726,33,33,4,53.2258064516129,0.06451612903225806,5,4.0,3.0,109.4,27.2,0,2,1.0,0.0,0.6,,0.0,,,2192.75,2024-10-27,,65,2.1
A-05f0e5,Company_40,FinTech,US,2023-05-04,partner,Basic,32,0,0,51109.0,4259.083333333333,18308.0,12,2,0,8,4,2023-06-11,2024-11-23,2,0.6666666666666666,67,57.532222222222224,51.52139303482587,46,32,9,68.65671641791045,0.13432835820895522,4,4.0,4.0,108.5,20.0,0,0,2.0,0.0,0.5,features,72.19,False,2024-11-25,1597.15625,2023-05-04,2024-11-25,571,18.8
A-9077b0,Company_41,HealthTech,US,2024-08-25,ads,Basic,2,0,0,3565.0,509.2857142857143,2786.0,7,3,0,2,5,2024-08-26,2024-12-20,3,0.2857142857142857,46,40.63916666666667,53.00760869565217,31,26,5,67.3913043478261,0.10869565217391304,3,4.333333333333333,3.0,136.33333333333334,40.333333333333336,0,1,2.0,0.0,1.0,,0.0,,,1782.5,2024-08-25,,128,4.2
A-7f8241,Company_42,EdTech,US,2023-03-14,organic,Pro,34,0,1,39516.0,2634.4,7164.0,15,2,0,7,8,2023-03-27,2024-12-24,2,0.4666666666666667,77,63.10722222222222,49.17445887445888,38,34,5,49.35064935064935,0.06493506493506493,1,3.0,3.0,135.0,36.0,0,0,0.0,0.0,0.0,,0.0,,,1162.235294117647,2023-03-14,,658,21.6
A-2bc93d,Company_43,HealthTech,US,2023-03-14,event,Basic,14,0,0,32394.0,2491.846153846154,7960.0,13,4,0,7,6,2023-07-19,2024-12-20,4,0.5384615384615384,67,59.92638888888889,53.66542288557214,31,33,5,46.26865671641791,0.07462686567164178,2,4.5,4.0,78.0,12.0,0,1,0.0,0.0,0.5,pricing,99.1,True,2023-08-10,2313.8571428571427,2023-03-14,2023-08-10,149,4.9
A-f3ff05,Company_44,FinTech,IN,2024-07-06,other,Enterprise,2,0,0,19465.0,1497.3076923076924,9552.0,13,1,0,7,6,2024-08-01,2024-12-02,1,0.5384615384615384,66,58.424166666666665,53.11287878787879,36,28,4,54.54545454545454,0.06060606060606061,3,3.5,3.0,111.33333333333333,42.666666666666664,0,0,1.0,0.0,0.3333333333333333,unknown,0.0,False,2024-10-20,9732.5,2024-07-06,2024-10-20,106,3.5
A-2d4502,Company_45,FinTech,IN,2024-04-29,event,Basic,7,0,0,29071.0,2907.1,8159.0,10,2,0,6,4,2024-04-30,2024-12-12,2,0.6,47,35.554722222222225,45.38900709219858,19,29,7,40.42553191489361,0.14893617021276595,3,5.0,5.0,82.0,26.333333333333332,0,2,0.0,0.0,0.6666666666666666,pricing,0.0,False,2024-05-07,4153.0,2024-04-29,2024-05-07,8,0.3
A-6a4e2d,Company_46,EdTech,UK,2023-04-07,partner,Pro,9,0,0,10394.0,944.9090909090909,4378.0,11,2,1,7,4,2023-05-29,2024-10-15,1,0.6363636363636364,59,47.99,48.80338983050847,31,27,3,52.54237288135594,0.05084745762711865,2,4.5,4.0,141.0,18.5,1,0,0.0,50.0,0.0,budget,0.0,False,2024-07-19,1154.888888888889,2023-04-07,2024-07-19,469,15.4
A-eb7c38,Company_47,DevTools,AU,2024-02-25,organic,Enterprise,5,0,0,38210.0,2547.3333333333335,17910.0,15,3,1,10,5,2024-04-11,2024-12-04,2,0.6666666666666666,70,56.651666666666664,48.558571428571426,27,33,6,38.57142857142858,0.08571428571428572,5,4.333333333333333,4.0,67.4,22.4,0,2,0.0,0.0,0.4,budget,6.26,False,2024-03-22,7642.0,2024-02-25,2024-03-22,26,0.9
A-c37601,Company_48,EdTech,US,2024-10-31,partner,Basic,6,1,0,20475.0,1706.25,10746.0,12,0,0,8,4,2024-11-01,2024-12-30,0,0.6666666666666666,48,36.62083333333333,45.776041666666664,21,28,3,43.75,0.0625,4,3.6666666666666665,3.0,83.0,42.25,0,2,0.0,0.0,0.5,support,0.0,False,2024-12-17,3412.5,2024-10-31,2024-12-17,47,1.5
A-3b5cd1,Company_49,FinTech,US,2023-09-12,event,Basic,13,1,0,23676.0,1821.2307692307693,6368.0,13,2,1,6,7,2023-09-30,2024-12-24,1,0.46153846153846156,52,49.43277777777778,57.03782051282052,24,27,5,46.15384615384615,0.09615384615384616,5,4.0,4.0,46.6,27.4,0,2,0.0,0.0,0.4,unknown,113.17,False,2024-08-30,1821.2307692307693,2023-09-12,2024-08-30,353,11.6
A-b2225d,Company_50,FinTech,US,2024-03-08,ads,Basic,47,0,1,19088.0,1590.6666666666667,9353.0,12,1,1,7,5,2024-04-02,2024-12-10,0,0.5833333333333334,73,65.74805555555555,54.03949771689498,60,34,5,82.1917808219178,0.0684931506849315,2,3.0,3.0,38.0,42.0,0,0,2.0,0.0,1.0,budget,0.0,True,2024-06-27,406.1276595744681,2024-03-08,2024-06-27,111,3.6
A-94f8c9,Company_51,HealthTech,US,2024-03-29,other,Basic,13,0,0,31989.0,1999.3125,7164.0,16,2,1,9,7,2024-04-05,2024-12-31,1,0.5625,77,56.70111111111111,44.18268398268398,63,33,7,81.81818181818183,0.09090909090909091,3,5.0,5.0,87.66666666666667,47.333333333333336,0,2,0.0,0.0,0.6666666666666666,budget,0.0,False,2024-05-02,2460.6923076923076,2024-03-29,2024-05-02,34,1.1
A-02fac6,Company_52,FinTech,US,2023-04-06,event,Pro,22,0,0,26410.0,2400.909090909091,4577.0,11,1,0,3,8,2023-10-21,2024-10-18,1,0.2727272727272727,53,47.181666666666665,53.41320754716981,34,32,5,64.15094339622641,0.09433962264150944,6,4.0,3.0,100.5,23.333333333333332,0,1,1.0,0.0,0.3333333333333333,support,0.0,False,2024-08-21,1200.4545454545455,2023-04-06,2024-08-21,503,16.5
A-c1dfe1,Company_53,DevTools,DE,2023-08-07,ads,Pro,26,0,0,25790.0,3223.75,8159.0,8,1,2,2,6,2023-10-26,2024-09-22,-1,0.25,39,35.46861111111111,54.56709401709402,30,24,4,76.92307692307693,0.10256410256410256,3,4.0,4.0,93.66666666666667,50.333333333333336,0,1,1.0,0.0,0.6666666666666666,features,0.0,False,2024-06-06,991.9230769230769,2023-08-07,2024-06-06,304,10.0
A-32728c,Company_54,DevTools,US,2023-01-03,event,Pro,20,0,1,4498.0,562.25,980.0,8,1,0,5,3,2023-04-04,2024-09-17,1,0.625,41,32.03472222222222,46.88008130081301,22,26,6,53.65853658536586,0.14634146341463414,2,3.5,3.0,61.5,34.5,0,0,0.0,0.0,0.0,support,7.58,True,2024-06-22,224.9,2023-01-03,2024-06-22,536,17.6
A-4c38bc,Company_55,HealthTech,UK,2024-03-09,event,Basic,36,0,1,48060.0,3003.75,7164.0,16,2,0,8,8,2024-03-17,2024-12-27,2,0.5,81,75.37722222222222,55.83497942386831,27,37,10,33.33333333333333,0.12345679012345678,3,3.5,3.0,43.0,48.333333333333336,0,1,1.0,0.0,0.6666666666666666,,0.0,,,1335.0,2024-03-09,,297,9.8
A-1b707d,Company_56,Cybersecurity,US,2023-07-14,organic,Enterprise,1,0,0,9332.0,1166.5,3781.0,8,1,0,5,3,2023-11-14,2024-12-27,1,0.625,38,30.682222222222222,48.44561403508772,12,27,3,31.57894736842105,0.07894736842105263,3,3.981276595744681,,75.33333333333333,42.666666666666664,0,0,0.0,0.0,0.0,competitor,0.0,True,2023-07-21,9332.0,2023-07-14,2023-07-21,7,0.2
A-6f8ad2,Company_57,EdTech,IN,2024-07-09,organic,Basic,1,0,0,25928.0,1525.1764705882354,6965.0,17,2,1,9,8,2024-07-22,2024-12-31,1,0.5294117647058824,88,72.63583333333334,49.52443181818182,59,38,13,67.04545454545455,0.14772727272727273,4,4.333333333333333,4.0,37.25,35.25,0,1,1.0,0.0,0.5,,0.0,,,25928.0,2024-07-09,,175,5.7
A-4d1e75,Company_58,DevTools,US,2024-08-21,other,Basic,20,0,0,31390.0,2414.6153846153848,12338.0,13,3,1,2,11,2024-09-07,2024-12-17,2,0.15384615384615385,51,41.14055555555556,48.40065359477124,25,28,5,49.01960784313725,0.09803921568627451,2,4.0,4.0,98.5,15.0,0,0,0.0,0.0,0.0,budget,0.0,False,2024-09-05,1569.5,2024-08-21,2024-09-05,15,0.5
A-9ee962,Company_59,HealthTech,US,2023-02-28,ads,Basic,9,0,1,9420.0,1046.6666666666667,5771.0,9,3,1,5,4,2023-06-23,2024-07-18,2,0.5555555555555556,39,33.39611111111111,51.378632478632476,17,25,3,43.58974358974359,0.07692307692307693,3,4.0,4.0,69.66666666666667,37.0,0,0,1.0,0.0,0.3333333333333333,support,0.0,False,2024-10-03,1046.6666666666667,2023-02-28,2024-10-03,583,19.2
A-378b99,Company_60,EdTech,UK,2024-09-01,ads,Pro,8,1,0,12116.0,1009.6666666666666,3184.0,12,1,1,7,5,2024-09-10,2024-12-05,0,0.5833333333333334,58,52.09027777777778,53.88649425287357,38,33,5,65.51724137931035,0.08620689655172414,6,4.5,3.0,78.83333333333333,28.5,0,0,1.0,0.0,0.16666666666666666,pricing,0.0,False,2024-10-12,1514.5,2024-09-01,2024-10-12,41,1.3
A-94d3da,Company_61,HealthTech,US,2023-05-03,other,Basic,41,0,0,22673.0,1889.4166666666667,8159.0,12,1,0,5,7,2023-06-03,2024-10-28,1,0.4166666666666667,48,41.68083333333333,52.10104166666667,25,29,5,52.083333333333336,0.10416666666666667,6,3.5,3.0,80.5,26.833333333333332,0,3,1.0,0.0,0.6666666666666666,competitor,0.0,False,2024-04-12,553.0,2023-05-03,2024-04-12,345,11.3
A-e351e1,Company_62,EdTech,US,2024-09-26,other,Enterprise,33,0,0,3498.0,699.6,1617.0,5,0,0,1,4,2024-09-27,2024-12-26,0,0.2,29,28.45888888888889,58.880459770114946,22,18,3,75.86206896551724,0.10344827586206896,4,3.75,3.0,65.25,17.0,0,1,0.0,0.0,0.25,budget,113.84,True,2024-10-24,106.0,2024-09-26,2024-10-24,28,0.9
A-9badbd,Company_63,Cybersecurity,DE,2024-06-19,ads,Enterprise,5,1,0,32477.0,2498.230769230769,11741.0,13,0,0,6,7,2024-06-29,2024-12-21,0,0.46153846153846156,70,61.21722222222222,52.47190476190476,45,33,8,64.28571428571429,0.11428571428571428,5,5.0,5.0,102.6,30.2,0,2,1.0,0.0,0.6,,0.0,,,6495.4,2024-06-19,,195,6.4
A-7e0a10,Company_64,FinTech,US,2023-11-18,ads,Enterprise,46,0,0,41116.0,4111.6,13930.0,10,1,0,4,6,2023-11-29,2024-12-30,1,0.4,50,48.10055555555556,57.720666666666666,35,34,5,70.0,0.1,5,4.0,3.0,62.6,39.4,0,3,2.0,0.0,1.0,budget,0.0,False,2024-09-26,893.8260869565217,2023-11-18,2024-09-26,313,10.3
A-118d55,Company_65,Cybersecurity,US,2024-10-22,organic,Basic,8,0,0,23919.0,1993.25,7164.0,12,3,4,4,8,2024-10-26,2024-12-30,-1,0.3333333333333333,60,46.70638888888889,46.70638888888889,33,29,5,55.00000000000001,0.08333333333333333,5,4.333333333333333,4.0,56.8,24.2,0,0,1.0,0.0,0.2,pricing,0.0,False,2024-12-27,2989.875,2024-10-22,2024-12-27,66,2.2
A-526d93,Company_66,HealthTech,FR,2024-04-14,organic,Basic,43,0,0,39201.0,4355.666666666667,9751.0,9,2,0,5,4,2024-04-19,2024-11-08,2,0.5555555555555556,56,44.225833333333334,47.38482142857143,45,28,5,80.35714285714286,0.08928571428571429,5,3.5,3.0,134.6,51.4,1,1,2.0,20.0,0.6,features,41.17,False,2024-07-10,911.6511627906976,2024-04-14,2024-07-10,87,2.9
A-f92792,Company_67,FinTech,US,2024-07-04,ads,Pro,1,0,0,18807.0,1343.357142857143,6965.0,14,1,1,8,6,2024-07-07,2024-12-15,0,0.5714285714285714,53,41.42333333333333,46.89433962264151,31,32,6,58.490566037735846,0.11320754716981132,2,4.0,4.0,82.0,45.0,0,0,0.0,0.0,0.0,features,0.0,True,2024-11-03,18807.0,2024-07-04,2024-11-03,122,4.0
A-84ebe4,Company_68,FinTech,US,2023-03-12,ads,Pro,18,1,1,27994.0,2544.909090909091,8955.0,11,0,0,7,4,2023-05-10,2024-11-18,0,0.6363636363636364,42,34.34861111111111,49.06944444444444,26,27,7,61.904761904761905,0.16666666666666666,4,4.0,4.0,135.5,29.5,0,0,1.0,0.0,0.25,budget,0.0,False,2024-01-05,1555.2222222222222,2023-03-12,2024-01-05,299,9.8
A-5b4ebb,Company_69,Cybersecurity,UK,2024-07-10,other,Basic,21,1,1,27803.0,2138.6923076923076,12537.0,13,1,0,6,7,2024-07-11,2024-12-16,1,0.46153846153846156,70,54.52777777777778,46.738095238095234,25,34,6,35.714285714285715,0.08571428571428572,5,4.75,4.0,63.0,35.4,0,0,0.0,0.0,0.0,,0.0,,,1323.952380952381,2024-07-10,,174,5.7
A-2922b6,Company_70,HealthTech,US,2024-11-14,organic,Basic,15,0,0,10669.0,1778.1666666666667,6965.0,6,1,0,3,3,2024-12-05,2024-12-25,1,0.5,37,32.56583333333333,52.80945945945946,13,27,2,35.13513513513514,0.05405405405405406,2,4.0,4.0,103.0,15.5,0,1,1.0,0.0,1.0,competitor,0.0,False,2024-12-25,711.2666666666667,2024-11-14,2024-12-25,41,1.3
A-9b9fe9,Company_71,EdTech,AU,2023-09-28,other,Basic,5,0,0,19725.0,1643.75,9950.0,12,0,1,6,6,2023-10-16,2024-11-28,-1,0.5,58,54.63916666666667,56.52327586206897,22,30,3,37.93103448275862,0.05172413793103448,4,4.0,3.0,156.5,33.5,0,1,1.0,0.0,0.5,features,27.92,False,2024-09-04,3945.0,2023-09-28,2024-09-04,342,11.2
A-a8b49c,Company_72,Cybersecurity,UK,2023-10-06,partner,Basic,7,0,0,11567.0,963.9166666666666,4378.0,12,1,0,7,5,2023-10-14,2024-10-17,1,0.5833333333333334,54,50.94416666666667,56.60462962962963,43,27,1,79.62962962962963,0.018518518518518517,1,4.0,4.0,105.0,72.0,0,0,0.0,0.0,0.0,features,0.0,False,2024-06-17,1652.4285714285713,2023-10-06,2024-06-17,255,8.4
A-9174e0,Company_73,Cybersecurity,US,2024-12-04,partner,Basic,37,0,0,53976.0,3598.4,7363.0,15,2,0,5,10,2024-12-06,2024-12-28,2,0.3333333333333333,69,57.260555555555555,49.79178743961352,61,34,6,88.40579710144928,0.08695652173913043,2,5.0,5.0,167.0,39.0,0,1,0.0,0.0,0.5,,0.0,,,1458.8108108108108,2024-12-04,,27,0.9
A-a1bbb6,Company_74,DevTools,CA,2023-04-05,organic,Basic,1,0,0,14402.0,1800.25,5572.0,8,0,0,3,5,2023-04-17,2024-10-04,0,0.375,37,32.90694444444444,53.36261261261261,20,23,7,54.054054054054056,0.1891891891891892,3,4.0,4.0,120.66666666666667,17.666666666666668,0,1,2.0,0.0,1.0,,0.0,,,14402.0,2023-04-05,,636,20.9
A-c45b23,Company_75,FinTech,UK,2023-12-08,partner,Basic,5,0,0,8504.0,708.6666666666666,5174.0,12,0,0,6,6,2023-12-29,2024-12-12,0,0.5,59,50.29333333333334,51.14576271186441,30,32,10,50.847457627118644,0.1694915254237288,3,3.0,3.0,51.666666666666664,36.666666666666664,0,1,2.0,0.0,1.0,support,0.0,True,2024-03-24,1700.8,2023-12-08,2024-03-24,107,3.5
A-02cd81,Company_76,HealthTech,IN,2024-03-28,other,Basic,44,0,0,32956.0,2354.0,8756.0,14,0,0,10,4,2024-03-28,2024-12-29,0,0.7142857142857143,72,60.91777777777778,50.76481481481481,28,31,5,38.88888888888889,0.06944444444444445,3,4.5,4.0,84.66666666666667,17.333333333333332,1,1,1.0,33.33333333333333,0.6666666666666666,pricing,0.0,False,2024-04-30,749.0,2024-03-28,2024-04-30,33,1.1
A-ee42db,Company_77,EdTech,DE,2023-04-25,ads,Enterprise,13,0,0,11567.0,963.9166666666666,5635.0,12,1,1,7,5,2023-05-01,2024-12-22,0,0.5833333333333334,54,41.91,46.56666666666667,33,31,6,61.111111111111114,0.1111111111111111,4,3.0,3.0,98.25,33.75,0,1,1.0,0.0,0.5,pricing,23.52,False,2023-06-23,889.7692307692307,2023-04-25,2023-06-23,59,1.9
A-432483,Company_78,Cybersecurity,US,2023-02-06,ads,Pro,4,0,0,25813.0,2868.1111111111113,11940.0,9,1,0,5,4,2023-04-02,2024-11-29,1,0.5555555555555556,45,42.07222222222222,56.096296296296295,28,25,4,62.22222222222222,0.08888888888888889,1,3.981276595744681,,128.0,51.0,0,1,0.0,0.0,1.0,,0.0,,,6453.25,2023-02-06,,694,22.8
A-9208f0,Company_79,EdTech,US,2023-05-11,organic,Pro,1,0,1,3511.0,438.875,2786.0,8,1,0,4,4,2023-05-15,2024-08-09,1,0.5,53,44.08361111111111,49.90597484276729,31,29,6,58.490566037735846,0.11320754716981132,8,3.3333333333333335,3.0,59.75,41.25,1,1,0.0,12.5,0.125,features,66.37,True,2023-11-18,3511.0,2023-05-11,2023-11-18,191,6.3
A-98a59a,Company_80,FinTech,UK,2023-08-04,partner,Enterprise,56,0,0,36456.0,3645.6,11144.0,10,2,1,4,6,2023-09-02,2024-10-27,1,0.4,44,34.56361111111111,47.13219696969697,21,27,8,47.72727272727273,0.18181818181818182,3,4.5,4.0,74.0,37.333333333333336,0,1,1.0,0.0,0.6666666666666666,support,0.0,False,2024-09-11,651.0,2023-08-04,2024-09-11,404,13.3
A-fe79a5,Company_81,HealthTech,IN,2024-02-21,ads,Basic,9,1,0,13532.0,1353.2,4577.0,10,2,0,6,4,2024-03-02,2024-12-26,2,0.6,33,26.85333333333333,48.82424242424243,17,22,2,51.515151515151516,0.06060606060606061,4,5.0,5.0,61.0,28.5,0,0,2.0,0.0,0.5,,0.0,,,1503.5555555555557,2024-02-21,,314,10.3
A-726cfa,Company_82,DevTools,US,2023-07-01,partner,Pro,11,0,0,34782.0,1830.6315789473683,7562.0,19,2,0,9,10,2023-07-15,2024-12-16,2,0.47368421052631576,98,78.32944444444445,47.95680272108844,45,40,15,45.91836734693878,0.15306122448979592,3,4.0,4.0,128.33333333333334,35.666666666666664,0,0,2.0,0.0,0.6666666666666666,support,122.11,False,2024-08-08,3162.0,2023-07-01,2024-08-08,404,13.3
A-c43359,Company_83,FinTech,US,2024-11-16,organic,Pro,38,0,0,12312.0,1539.0,7562.0,8,2,1,5,3,2024-11-18,2024-12-22,1,0.625,47,40.8475,52.14574468085107,32,28,5,68.08510638297872,0.10638297872340426,3,4.0,4.0,107.33333333333333,26.666666666666668,0,2,1.0,0.0,1.0,support,8.92,False,2024-12-19,324.0,2024-11-16,2024-12-19,33,1.1
A-271f46,Company_84,DevTools,US,2023-02-09,event,Pro,38,0,1,19604.0,2450.5,9154.0,8,0,0,3,5,2023-03-29,2024-11-22,0,0.375,38,31.823055555555555,50.246929824561406,16,25,1,42.10526315789473,0.02631578947368421,1,3.981276595744681,,79.0,36.0,0,0,0.0,0.0,0.0,features,0.0,True,2024-08-09,515.8947368421053,2023-02-09,2024-08-09,547,18.0
A-157070,Company_85,FinTech,US,2023-11-09,ads,Pro,16,0,0,27506.0,1719.125,6965.0,16,2,1,8,8,2023-12-12,2024-12-18,1,0.5,71,51.92444444444445,43.879812206572765,26,37,7,36.61971830985916,0.09859154929577464,3,3.0,3.0,118.0,42.333333333333336,1,1,0.0,33.33333333333333,0.3333333333333333,features,0.0,False,2024-12-27,1719.125,2023-11-09,2024-12-27,414,13.6
A-40a557,Company_86,Cybersecurity,AU,2023-12-03,partner,Pro,16,1,0,23324.0,2591.5555555555557,10945.0,9,1,0,4,5,2024-01-11,2024-12-14,1,0.4444444444444444,39,31.726944444444445,48.810683760683766,17,25,3,43.58974358974359,0.07692307692307693,7,3.6666666666666665,3.0,94.71428571428571,30.571428571428573,0,3,1.0,0.0,0.5714285714285714,budget,0.0,False,2023-12-08,1457.75,2023-12-03,2023-12-08,5,0.2
A-66224b,Company_87,HealthTech,US,2024-10-18,other,Pro,92,1,0,69184.0,5765.333333333333,18308.0,12,0,0,6,6,2024-10-20,2024-12-30,0,0.5,61,51.4525,50.60901639344262,29,34,10,47.540983606557376,0.16393442622950818,6,3.5,3.0,82.5,39.833333333333336,0,2,1.0,0.0,0.5,,0.0,,,752.0,2024-10-18,,74,2.4
A-91e948,Company_88,EdTech,AU,2023-01-29,partner,Basic,41,0,0,21894.0,3127.714285714286,8159.0,7,2,0,1,6,2023-08-14,2024-11-09,2,0.14285714285714285,40,32.016666666666666,48.025,16,23,0,40.0,0.0,0,3.981276595744681,,88.48,35.861,0,0,,0.0,0.0,,0.0,,,534.0,2023-01-29,,702,23.1
A-104f1a,Company_89,Cybersecurity,US,2024-08-17,other,Pro,24,0,0,12617.0,1577.125,6027.0,8,0,0,1,7,2024-09-02,2024-12-20,0,0.125,44,43.596944444444446,59.45037878787879,22,28,2,50.0,0.045454545454545456,5,3.75,3.0,50.4,33.2,1,0,1.0,20.0,0.2,support,0.0,False,2024-09-06,525.7083333333334,2024-08-17,2024-09-06,20,0.7
A-7988d1,Company_90,Cybersecurity,US,2023-12-20,other,Basic,33,0,0,10692.0,1188.0,6567.0,9,0,0,4,5,2024-03-12,2024-12-03,0,0.4444444444444444,46,38.40694444444444,50.096014492753625,28,31,7,60.86956521739131,0.15217391304347827,3,4.333333333333333,3.0,65.33333333333333,35.333333333333336,0,2,0.0,0.0,0.6666666666666666,competitor,16.89,False,2024-06-19,324.0,2023-12-20,2024-06-19,182,6.0
A-faa28c,Company_91,HealthTech,US,2024-01-30,organic,Enterprise,48,0,0,58404.0,4171.714285714285,9552.0,14,3,0,7,7,2024-02-05,2024-12-25,3,0.5,59,45.00194444444445,45.764689265536724,24,25,5,40.67796610169492,0.0847457627118644,4,4.666666666666667,4.0,115.5,52.25,1,2,0.0,25.0,0.5,features,0.0,False,2024-08-20,1216.75,2024-01-30,2024-08-20,203,6.7
A-f25509,Company_92,EdTech,US,2024-03-22,other,Enterprise,32,0,0,16122.0,3224.4,6368.0,5,0,1,3,2,2024-05-28,2024-12-26,-1,0.6,23,20.44527777777778,53.33550724637681,15,17,3,65.21739130434783,0.13043478260869565,6,4.666666666666667,4.0,116.0,42.666666666666664,0,2,2.0,0.0,0.6666666666666666,pricing,0.0,True,2024-06-15,503.8125,2024-03-22,2024-06-15,85,2.8
A-3a7284,Company_93,FinTech,US,2024-11-17,organic,Enterprise,31,0,0,35519.0,2959.9166666666665,7761.0,12,1,2,5,7,2024-11-28,2024-12-28,-1,0.4166666666666667,60,53.211666666666666,53.211666666666666,30,33,9,50.0,0.15,3,3.5,3.0,104.33333333333333,56.333333333333336,0,2,1.0,0.0,1.0,unknown,0.0,False,2024-12-26,1145.774193548387,2024-11-17,2024-12-26,39,1.3
A-3a5ad8,Company_94,HealthTech,US,2023-12-05,organic,Enterprise,9,1,0,28701.0,2207.769230769231,13930.0,13,1,1,5,8,2023-12-18,2024-12-25,0,0.38461538461538464,52,35.52166666666667,40.98653846153846,23,27,7,44.230769230769226,0.1346153846153846,4,4.5,4.0,53.5,44.75,0,3,1.0,0.0,1.0,,0.0,,,3189.0,2023-12-05,,392,12.9
A-65a46c,Company_95,HealthTech,US,2023-11-04,event,Pro,1,0,0,22675.0,2834.375,15522.0,8,2,0,2,6,2024-03-05,2024-12-24,2,0.25,38,32.00527777777778,50.53464912280702,21,24,7,55.26315789473685,0.18421052631578946,8,4.0,3.0,91.125,45.125,0,6,0.0,0.0,0.75,,0.0,,,22675.0,2023-11-04,,423,13.9
A-8b25f2,Company_96,Cybersecurity,US,2024-02-17,ads,Pro,6,0,1,14048.0,1080.6153846153845,5572.0,13,1,2,7,6,2024-02-19,2024-12-15,-1,0.5384615384615384,54,44.27611111111111,49.19567901234568,20,29,6,37.03703703703704,0.1111111111111111,2,4.0,3.0,50.5,35.5,0,0,0.0,0.0,0.0,,0.0,,,2341.3333333333335,2024-02-17,,318,10.4
A-fabe19,Company_97,DevTools,UK,2024-11-11,ads,Enterprise,1,0,0,20497.0,2928.1428571428573,6368.0,7,2,0,4,3,2024-11-23,2024-12-26,2,0.5714285714285714,33,31.379444444444445,57.05353535353535,16,20,1,48.484848484848484,0.030303030303030304,3,4.0,4.0,38.333333333333336,40.666666666666664,0,2,1.0,0.0,1.0,,0.0,,,20497.0,2024-11-11,,50,1.6
A-adc1f3,Company_98,Cybersecurity,US,2024-08-05,organic,Pro,2,0,0,26608.0,2956.4444444444443,9950.0,9,0,0,6,3,2024-08-10,2024-12-21,0,0.6666666666666666,36,33.37027777777778,55.61712962962963,26,24,5,72.22222222222221,0.1388888888888889,3,3.5,3.0,65.0,47.333333333333336,0,1,1.0,0.0,0.6666666666666666,,0.0,,,13304.0,2024-08-05,,148,4.9
A-503d5a,Company_99,FinTech,US,2023-10-21,other,Enterprise,4,0,1,17884.0,1490.3333333333333,11144.0,12,0,1,4,8,2023-10-21,2024-12-19,-1,0.3333333333333333,59,58.768055555555556,59.764124293785315,32,34,6,54.23728813559322,0.1016949152542373,9,4.0,3.0,81.77777777777777,36.55555555555556,0,1,3.0,0.0,0.4444444444444444,,0.0,,,4471.0,2023-10-21,,437,14.4
A-fd7ad3,Company_100,Cybersecurity,US,2024-11-01,event,Enterprise,1,0,0,3831.0,383.1,2388.0,10,2,0,5,5,2024-11-02,2024-12-26,2,0.5,56,47.76583333333333,51.17767857142857,42,31,9,75.0,0.16071428571428573,8,4.166666666666667,3.0,98.125,48.75,1,2,2.0,12.5,0.5,support,70.03,True,2024-12-19,3831.0,2024-11-01,2024-12-19,48,1.6
A-186a44,Company_101,HealthTech,US,2023-08-07,ads,Enterprise,20,0,0,20989.0,1499.2142857142858,9353.0,14,1,1,5,9,2023-08-23,2024-12-17,0,0.35714285714285715,61,57.094166666666666,56.15819672131148,25,30,7,40.98360655737705,0.11475409836065574,7,3.5,3.0,110.42857142857143,38.285714285714285,0,1,4.0,0.0,0.7142857142857143,,0.0,,,1049.45,2023-08-07,,512,16.8
A-e888d1,Company_102,Cybersecurity,US,2023-03-28,other,Pro,14,0,0,13646.0,1240.5454545454545,3781.0,11,1,0,4,7,2023-05-11,2024-12-19,1,0.36363636363636365,52,43.91305555555556,50.66891025641026,36,31,5,69.23076923076923,0.09615384615384616,5,4.0,3.0,104.0,43.0,1,2,1.0,20.0,0.6,support,6.38,False,2023-09-24,974.7142857142857,2023-03-28,2023-09-24,180,5.9
A-69fad4,Company_103,FinTech,UK,2023-04-06,ads,Basic,6,0,1,8721.0,1245.857142857143,4378.0,7,0,0,3,4,2023-07-24,2024-03-24,0,0.42857142857142855,39,34.62388888888889,53.26752136752137,24,24,4,61.53846153846154,0.10256410256410256,4,3.6666666666666665,3.0,116.75,43.0,0,1,0.0,0.0,0.25,support,0.0,False,2024-06-17,1453.5,2023-04-06,2024-06-17,438,14.4
A-9289f6,Company_104,EdTech,US,2023-05-31,event,Enterprise,1,0,0,13096.0,1091.3333333333333,3969.0,12,2,0,7,5,2023-07-04,2024-12-17,2,0.5833333333333334,68,55.65972222222222,49.111519607843135,38,33,7,55.88235294117647,0.10294117647058823,6,4.333333333333333,3.0,70.0,37.5,0,0,3.0,0.0,0.5,support,17.93,False,2023-08-24,13096.0,2023-05-31,2023-08-24,85,2.8
A-f19409,Company_105,DevTools,US,2023-03-16,other,Basic,23,0,1,34136.0,2844.6666666666665,7960.0,12,2,0,8,4,2023-04-22,2024-12-20,2,0.6666666666666666,62,58.28111111111111,56.4010752688172,31,33,12,50.0,0.1935483870967742,3,4.0,4.0,103.33333333333333,6.333333333333333,0,1,0.0,0.0,0.3333333333333333,features,0.0,False,2023-05-25,1484.1739130434783,2023-03-16,2023-05-25,70,2.3
A-22f2df,Company_106,DevTools,US,2024-12-14,ads,Basic,3,0,0,7451.0,827.8888888888889,2989.0,9,1,1,6,3,2024-12-16,2024-12-30,0,0.6666666666666666,42,33.090833333333336,47.272619047619045,17,25,5,40.476190476190474,0.11904761904761904,5,5.0,5.0,71.6,44.8,0,2,3.0,0.0,1.0,,0.0,,,2483.6666666666665,2024-12-14,,17,0.6
A-039727,Company_107,EdTech,AU,2024-11-02,organic,Pro,25,0,0,36420.0,2428.0,5970.0,15,3,2,10,5,2024-11-07,2024-12-19,1,0.6666666666666666,74,69.31805555555556,56.203828828828826,32,33,3,43.24324324324324,0.04054054054054054,0,3.981276595744681,,88.48,35.861,0,0,,0.0,0.0,pricing,46.49,False,2024-12-22,1456.8,2024-11-02,2024-12-22,50,1.6
A-2e3bad,Company_108,FinTech,CA,2023-08-13,other,Pro,61,0,0,45872.0,4587.2,12139.0,10,0,0,6,4,2023-08-19,2024-12-04,0,0.6,45,34.37166666666667,45.82888888888888,26,25,6,57.77777777777777,0.13333333333333333,5,3.5,3.0,107.0,31.4,0,0,2.0,0.0,0.4,features,0.0,False,2024-03-30,752.0,2023-08-13,2024-03-30,230,7.6
A-484819,Company_109,HealthTech,US,2023-02-21,organic,Pro,18,0,0,20604.0,2575.5,5174.0,8,3,0,6,2,2023-02-23,2024-11-13,3,0.75,33,32.24333333333333,58.624242424242425,20,22,3,60.60606060606061,0.09090909090909091,5,4.5,4.0,139.6,33.2,0,2,1.0,0.0,0.6,support,0.0,False,2023-12-29,1144.6666666666667,2023-02-21,2023-12-29,311,10.2
A-425e76,Company_110,DevTools,UK,2023-05-17,other,Enterprise,8,0,1,17111.0,1555.5454545454545,6368.0,11,1,0,3,8,2023-06-21,2024-08-13,1,0.2727272727272727,48,37.89416666666666,47.36770833333333,24,29,5,50.0,0.10416666666666667,5,3.3333333333333335,3.0,119.2,48.2,1,0,3.0,20.0,0.6,budget,0.0,True,2023-09-03,2138.875,2023-05-17,2023-09-03,109,3.6
A-e83938,Company_111,DevTools,UK,2023-11-21,other,Pro,2,1,1,7503.0,937.875,3184.0,8,2,0,4,4,2024-02-08,2024-12-06,2,0.5,31,24.235833333333332,46.90806451612903,18,22,2,58.06451612903226,0.06451612903225806,4,3.0,3.0,72.5,31.0,0,0,0.0,0.0,0.0,features,13.5,False,2024-02-19,3751.5,2023-11-21,2024-02-19,90,3.0
A-ad296b,Company_112,DevTools,AU,2024-07-15,event,Pro,38,0,0,18430.0,3071.6666666666665,7562.0,6,0,0,5,1,2024-07-23,2024-12-09,0,0.8333333333333334,31,28.834722222222222,55.80913978494623,12,24,2,38.70967741935484,0.06451612903225806,3,3.6666666666666665,3.0,83.33333333333333,28.333333333333332,1,2,0.0,33.33333333333333,0.6666666666666666,,0.0,,,485.0,2024-07-15,,169,5.6
A-e51ec7,Company_113,FinTech,CA,2023-09-23,partner,Enterprise,2,0,0,24076.0,3009.5,16517.0,8,2,1,5,3,2023-11-27,2024-12-19,1,0.625,40,35.206944444444446,52.81041666666667,18,26,4,45.0,0.1,3,5.0,5.0,93.33333333333333,37.0,0,0,1.0,0.0,0.3333333333333333,support,0.0,False,2024-01-29,12038.0,2023-09-23,2024-01-29,128,4.2
A-0aaf6e,Company_114,FinTech,US,2024-05-11,organic,Enterprise,3,0,0,24084.0,2676.0,17512.0,9,0,0,4,5,2024-06-16,2024-12-26,0,0.4444444444444444,57,47.900555555555556,50.42163742690059,39,25,6,68.42105263157895,0.10526315789473684,5,4.0,3.0,75.4,45.0,0,0,1.0,0.0,0.2,,0.0,,,8028.0,2024-05-11,,234,7.7
A-e61e98,Company_115,FinTech,US,2023-10-20,partner,Enterprise,19,0,1,13484.0,1498.2222222222222,6766.0,9,2,0,4,5,2023-11-05,2024-09-01,2,0.4444444444444444,56,36.665,39.28392857142857,25,32,7,44.642857142857146,0.125,6,4.6,3.0,88.5,30.333333333333332,1,1,1.0,16.666666666666664,0.3333333333333333,features,0.0,False,2024-10-19,709.6842105263158,2023-10-20,2024-10-19,365,12.0
A-92a333,Company_116,FinTech,US,2023-03-24,event,Enterprise,9,0,0,10659.0,1776.5,6567.0,6,0,1,3,3,2023-08-04,2024-07-04,-1,0.5,36,28.790277777777778,47.9837962962963,30,22,2,83.33333333333334,0.05555555555555555,4,3.981276595744681,,58.25,23.25,1,0,1.0,25.0,0.25,,0.0,,,1184.3333333333333,2023-03-24,,648,21.3
A-95b24a,Company_117,FinTech,US,2023-06-06,event,Pro,38,0,1,25034.0,2275.818181818182,8557.0,11,4,1,6,5,2023-07-14,2024-10-11,3,0.5454545454545454,62,52.46,50.76774193548387,34,32,8,54.83870967741935,0.12903225806451613,5,4.25,3.0,90.4,21.2,0,1,3.0,0.0,0.8,,0.0,,,658.7894736842105,2023-06-06,,574,18.9
A-42e5e1,Company_118,DevTools,US,2024-07-09,ads,Pro,1,0,1,8916.0,1273.7142857142858,4378.0,7,1,1,4,3,2024-07-21,2024-11-28,0,0.5714285714285714,41,32.41777777777778,47.44065040650407,41,24,2,100.0,0.04878048780487805,3,4.0,4.0,81.33333333333333,29.0,0,0,2.0,0.0,0.6666666666666666,pricing,0.0,True,2024-10-04,8916.0,2024-07-09,2024-10-04,87,2.9
A-7d514c,Company_119,HealthTech,DE,2024-02-03,organic,Enterprise,17,0,0,24274.0,2697.1111111111113,8557.0,9,2,0,1,8,2024-02-13,2024-12-05,2,0.1111111111111111,48,40.75194444444445,50.939930555555556,30,30,7,62.5,0.14583333333333334,3,5.0,5.0,49.666666666666664,33.333333333333336,0,1,1.0,0.0,0.6666666666666666,,0.0,,,1427.8823529411766,2024-02-03,,332,10.9
A-65aeb5,Company_120,DevTools,US,2024-01-25,partner,Pro,9,0,0,34392.0,2866.0,12537.0,12,0,1,6,6,2024-02-02,2024-10-10,-1,0.5,55,41.120555555555555,44.85878787878788,40,30,3,72.72727272727273,0.05454545454545454,2,5.0,5.0,159.5,42.5,0,0,1.0,0.0,0.5,pricing,0.0,True,2024-02-27,3821.3333333333335,2024-01-25,2024-02-27,33,1.1
A-e2cd1b,Company_121,DevTools,US,2024-02-04,other,Enterprise,15,0,0,12548.0,1394.2222222222222,3184.0,9,1,0,5,4,2024-02-22,2024-12-26,1,0.5555555555555556,49,38.34527777777778,46.95340136054422,18,29,7,36.734693877551024,0.14285714285714285,5,4.0,3.0,76.0,37.8,0,2,1.0,0.0,0.6,,0.0,,,836.5333333333333,2024-02-04,,331,10.9
A-180abf,Company_122,DevTools,US,2023-08-14,event,Pro,64,0,1,37312.0,4145.777777777777,12736.0,9,2,0,4,5,2023-09-16,2024-12-20,2,0.4444444444444444,48,37.84722222222222,47.30902777777778,28,29,5,58.333333333333336,0.10416666666666667,3,3.0,3.0,62.333333333333336,36.333333333333336,0,0,0.0,0.0,0.0,support,0.0,False,2023-12-04,583.0,2023-08-14,2023-12-04,112,3.7
A-f17767,Company_123,DevTools,US,2023-01-30,event,Enterprise,1,1,1,16139.0,1152.7857142857142,7761.0,14,3,1,5,9,2023-02-15,2024-12-10,2,0.35714285714285715,69,58.049166666666665,50.47753623188406,38,35,4,55.072463768115945,0.057971014492753624,3,4.0,3.0,115.0,36.333333333333336,1,1,1.0,33.33333333333333,0.6666666666666666,pricing,0.0,False,2023-05-03,16139.0,2023-01-30,2023-05-03,93,3.1
A-5a184f,Company_124,DevTools,DE,2023-06-19,other,Enterprise,1,0,1,20683.0,2068.3,9154.0,10,0,1,6,4,2023-08-31,2024-11-06,-1,0.6,57,48.785833333333336,51.353508771929825,29,30,2,50.877192982456144,0.03508771929824561,3,4.333333333333333,4.0,42.333333333333336,15.333333333333334,0,0,1.0,0.0,0.3333333333333333,support,0.0,False,2024-03-19,20683.0,2023-06-19,2024-03-19,274,9.0
A-7df7a7,Company_125,DevTools,US,2023-01-28,organic,Basic,7,0,1,29155.0,1943.6666666666667,8955.0,15,0,2,6,9,2023-02-05,2024-12-28,-2,0.4,91,71.33638888888889,47.03498168498168,47,36,10,51.64835164835166,0.10989010989010989,3,4.0,3.0,93.0,28.0,1,1,2.0,33.33333333333333,1.0,budget,0.0,False,2024-07-10,4165.0,2023-01-28,2024-07-10,529,17.4
A-1ac5e0,Company_126,DevTools,US,2024-10-20,event,Basic,33,0,1,18249.0,1824.9,6567.0,10,0,0,3,7,2024-10-24,2024-12-30,0,0.3,56,46.64,49.97142857142857,31,31,7,55.35714285714286,0.125,7,3.8,3.0,76.0,40.42857142857143,0,0,4.0,0.0,0.5714285714285714,,0.0,,,553.0,2024-10-20,,72,2.4
A-52dd88,Company_127,Cybersecurity,US,2023-02-21,ads,Pro,23,0,0,16592.0,1508.3636363636363,5174.0,11,1,0,7,4,2023-03-26,2024-12-04,1,0.6363636363636364,50,50.228611111111114,60.27433333333333,33,28,4,66.0,0.08,1,3.981276595744681,,111.0,72.0,0,0,0.0,0.0,0.0,,0.0,,,721.3913043478261,2023-02-21,,679,22.3
A-bece89,Company_128,Cybersecurity,IN,2023-12-01,event,Pro,26,0,0,19250.0,3208.3333333333335,5174.0,6,1,0,4,2,2024-01-18,2024-10-18,1,0.6666666666666666,19,13.364444444444445,42.203508771929826,13,16,2,68.42105263157895,0.10526315789473684,4,4.0,3.0,103.75,32.5,1,2,0.0,25.0,0.5,unknown,109.75999999999999,False,2024-07-27,740.3846153846154,2023-12-01,2024-07-27,239,7.9
A-029f69,Company_129,Cybersecurity,CA,2024-03-07,event,Basic,3,0,0,14638.0,914.875,4776.0,16,2,0,11,5,2024-05-09,2024-12-31,2,0.6875,84,67.02083333333333,47.87202380952381,42,37,9,50.0,0.10714285714285714,2,3.0,3.0,108.0,42.0,0,1,0.0,0.0,0.5,competitor,32.73,False,2024-12-14,4879.333333333333,2024-03-07,2024-12-14,282,9.3
A-5c046d,Company_130,EdTech,FR,2024-07-06,partner,Basic,93,0,0,83886.0,10485.75,18507.0,8,0,0,5,3,2024-07-23,2024-12-20,0,0.625,46,35.535,46.35,23,27,5,50.0,0.10869565217391304,1,3.0,3.0,128.0,13.0,0,0,0.0,0.0,0.0,,0.0,,,902.0,2024-07-06,,178,5.8
A-fb186e,Company_131,EdTech,IN,2024-10-27,organic,Basic,29,0,0,5771.0,1923.6666666666667,5771.0,3,0,0,2,1,2024-11-16,2024-12-28,0,0.6666666666666666,20,20.04722222222222,60.141666666666666,7,15,3,35.0,0.15,6,3.6666666666666665,3.0,81.0,26.166666666666668,0,2,0.0,0.0,0.3333333333333333,,0.0,,,199.0,2024-10-27,,65,2.1
A-ae052e,Company_132,FinTech,CA,2023-09-11,other,Basic,39,0,0,7693.0,1282.1666666666667,1960.0,6,1,1,2,4,2024-01-22,2024-12-17,0,0.3333333333333333,29,24.550833333333333,50.7948275862069,12,24,6,41.37931034482759,0.20689655172413793,4,4.0,3.0,60.5,31.25,0,2,0.0,0.0,0.5,unknown,0.0,False,2024-11-13,197.25641025641025,2023-09-11,2024-11-13,429,14.1
A-9f9299,Company_133,FinTech,US,2023-09-02,organic,Enterprise,28,1,0,42403.0,2826.866666666667,5572.0,15,0,0,7,8,2023-11-24,2024-11-18,0,0.4666666666666667,85,71.79583333333333,50.67941176470588,54,37,10,63.52941176470588,0.11764705882352941,5,5.0,5.0,116.2,36.2,0,1,1.0,0.0,0.4,features,0.0,False,2024-03-24,1514.392857142857,2023-09-02,2024-03-24,204,6.7
A-96e141,Company_134,DevTools,UK,2023-08-12,partner,Basic,14,0,0,15468.0,2209.714285714286,4975.0,7,0,0,2,5,2023-10-14,2024-08-21,0,0.2857142857142857,36,22.663055555555555,37.77175925925926,19,26,2,52.77777777777778,0.05555555555555555,5,4.333333333333333,4.0,68.4,32.8,0,1,2.0,0.0,0.6,budget,43.53,False,2024-07-22,1104.857142857143,2023-08-12,2024-07-22,345,11.3
A-117171,Company_135,HealthTech,FR,2024-09-12,organic,Basic,45,0,1,12015.0,2403.0,8955.0,5,0,1,2,3,2024-10-02,2024-12-14,-1,0.4,21,16.628888888888888,47.511111111111106,11,15,1,52.38095238095239,0.047619047619047616,6,3.6666666666666665,3.0,68.33333333333333,32.5,1,1,1.0,16.666666666666664,0.3333333333333333,budget,102.86,False,2024-10-13,267.0,2024-09-12,2024-10-13,31,1.0
A-313be3,Company_136,EdTech,US,2023-11-15,partner,Enterprise,47,1,0,19006.0,1727.8181818181818,9353.0,11,1,0,7,4,2023-11-25,2024-12-16,1,0.6363636363636364,57,45.706944444444446,48.1125730994152,40,33,3,70.17543859649122,0.05263157894736842,4,5.0,5.0,80.25,22.5,1,3,0.0,25.0,0.75,features,43.03,False,2024-03-23,404.3829787234043,2023-11-15,2024-03-23,129,4.2
A-671f31,Company_137,DevTools,US,2024-11-24,ads,Basic,59,0,0,30385.0,5064.166666666667,11741.0,6,0,1,5,1,2024-11-27,2024-12-28,-1,0.8333333333333334,17,12.069166666666666,42.597058823529416,16,13,0,94.11764705882352,0.0,7,4.2,3.0,78.0,33.0,0,3,2.0,0.0,0.7142857142857143,,0.0,,,515.0,2024-11-24,,37,1.2
A-bbc346,Company_138,FinTech,US,2024-08-29,partner,Enterprise,19,0,0,33122.0,2547.846153846154,8955.0,13,3,2,9,4,2024-08-31,2024-12-24,1,0.6923076923076923,62,49.82666666666667,48.21935483870968,37,34,6,59.67741935483871,0.0967741935483871,3,4.5,4.0,102.66666666666667,45.333333333333336,0,1,0.0,0.0,0.3333333333333333,competitor,15.46,False,2024-10-31,1743.2631578947369,2024-08-29,2024-10-31,63,2.1
A-c16101,Company_139,EdTech,IN,2024-09-06,other,Basic,7,0,0,12422.0,1242.2,4378.0,10,1,1,4,6,2024-09-06,2024-12-25,0,0.4,55,51.66222222222222,56.35878787878788,29,31,9,52.72727272727272,0.16363636363636364,4,5.0,5.0,82.0,28.0,1,1,3.0,25.0,1.0,features,0.0,True,2024-11-13,1774.5714285714287,2024-09-06,2024-11-13,68,2.2
A-50f3f7,Company_140,HealthTech,US,2023-12-22,partner,Basic,31,0,1,44077.0,2938.4666666666667,8955.0,15,0,2,9,6,2024-01-05,2024-12-17,-2,0.6,72,57.47027777777778,47.891898148148144,45,30,7,62.5,0.09722222222222222,6,5.0,5.0,67.83333333333333,37.833333333333336,1,1,1.0,16.666666666666664,0.3333333333333333,,0.0,,,1421.8387096774193,2023-12-22,,375,12.3
A-7da956,Company_141,Cybersecurity,US,2024-06-02,event,Pro,13,1,0,10963.0,913.5833333333334,2985.0,12,1,2,6,6,2024-06-15,2024-11-16,-1,0.5,51,41.78638888888889,49.16045751633987,35,28,4,68.62745098039215,0.0784313725490196,3,5.0,5.0,88.0,32.666666666666664,0,1,0.0,0.0,0.3333333333333333,,0.0,,,843.3076923076923,2024-06-02,,212,7.0
A-019782,Company_142,DevTools,FR,2023-04-19,event,Enterprise,11,0,0,8353.0,928.1111111111111,3184.0,9,1,0,7,2,2023-06-08,2024-12-04,1,0.7777777777777778,55,44.68,48.74181818181818,30,28,3,54.54545454545454,0.05454545454545454,2,3.0,3.0,107.0,10.0,0,2,0.0,0.0,1.0,,0.0,,,759.3636363636364,2023-04-19,,622,20.4
A-df10db,Company_143,DevTools,US,2023-06-06,other,Enterprise,2,1,0,11730.0,1066.3636363636363,6567.0,11,2,0,4,7,2023-08-25,2024-10-21,2,0.36363636363636365,64,59.715555555555554,55.983333333333334,40,31,2,62.5,0.03125,2,3.0,3.0,86.5,68.5,1,0,0.0,50.0,0.0,competitor,0.0,False,2024-07-12,5865.0,2023-06-06,2024-07-12,402,13.2
A-3932db,Company_144,HealthTech,CA,2023-10-04,other,Pro,19,1,1,14087.0,1565.2222222222222,6965.0,9,2,1,2,7,2023-12-10,2024-12-31,1,0.2222222222222222,46,37.48972222222222,48.89963768115942,28,28,4,60.86956521739131,0.08695652173913043,6,4.333333333333333,3.0,86.5,41.0,0,2,1.0,0.0,0.5,,0.0,,,741.421052631579,2023-10-04,,454,14.9
A-4f18f0,Company_145,DevTools,CA,2024-04-21,other,Pro,24,1,0,30264.0,2522.0,11741.0,12,0,1,5,7,2024-04-25,2024-12-20,-1,0.4166666666666667,57,46.68083333333333,49.137719298245614,25,33,6,43.859649122807014,0.10526315789473684,5,4.0,3.0,61.4,39.2,0,1,1.0,0.0,0.4,features,0.0,False,2024-12-01,1261.0,2024-04-21,2024-12-01,224,7.4
A-4c6f11,Company_146,FinTech,CA,2023-11-27,organic,Pro,24,1,1,7586.0,1517.2,4776.0,5,0,1,2,3,2024-03-30,2024-08-01,-1,0.4,24,23.570833333333333,58.927083333333336,4,20,1,16.666666666666664,0.041666666666666664,3,4.333333333333333,3.0,63.0,44.666666666666664,0,2,1.0,0.0,1.0,competitor,0.0,False,2024-06-29,316.0833333333333,2023-11-27,2024-06-29,215,7.1
A-8ae05d,Company_147,FinTech,IN,2024-04-06,other,Enterprise,86,0,0,26230.0,3747.1428571428573,17114.0,7,0,0,3,4,2024-06-01,2024-12-13,0,0.42857142857142855,20,21.512777777777778,64.53833333333334,10,16,1,50.0,0.05,1,4.0,4.0,48.0,47.0,0,0,1.0,0.0,1.0,unknown,0.0,False,2024-08-30,305.0,2024-04-06,2024-08-30,146,4.8
A-b78bf8,Company_148,DevTools,US,2024-11-15,event,Pro,33,0,0,22423.0,2802.875,9751.0,8,1,1,2,6,2024-11-17,2024-12-28,0,0.25,42,34.38944444444444,49.12777777777777,11,24,7,26.190476190476193,0.16666666666666666,5,4.2,3.0,88.8,24.2,0,3,0.0,0.0,0.6,unknown,0.0,False,2024-12-06,679.4848484848485,2024-11-15,2024-12-06,21,0.7
A-eafc6e,Company_149,DevTools,US,2023-07-06,partner,Pro,27,0,1,16229.0,2318.4285714285716,6766.0,7,0,0,2,5,2023-08-08,2024-10-30,0,0.2857142857142857,32,25.060555555555556,46.98854166666667,15,23,3,46.875,0.09375,1,3.981276595744681,,136.0,64.0,0,0,0.0,0.0,0.0,pricing,0.0,False,2023-07-31,601.074074074074,2023-07-06,2023-07-31,25,0.8
A-37f969,Company_150,HealthTech,IN,2023-10-14,partner,Enterprise,30,0,0,22959.0,2869.875,5970.0,8,2,0,3,5,2023-10-24,2024-09-12,2,0.375,32,29.95888888888889,56.172916666666666,14,25,5,43.75,0.15625,5,3.6666666666666665,3.0,94.0,22.2,1,1,1.0,20.0,0.4,support,146.86,False,2024-06-25,765.3,2023-10-14,2024-06-25,255,8.4
A-10b8f2,Company_151,HealthTech,DE,2023-01-11,organic,Basic,47,1,0,30719.0,2559.9166666666665,9353.0,12,1,0,9,3,2023-02-05,2024-12-16,1,0.75,56,48.10638888888889,51.54255952380952,23,29,10,41.07142857142857,0.17857142857142858,3,4.333333333333333,3.0,67.0,46.333333333333336,0,1,0.0,0.0,0.3333333333333333,support,0.0,False,2024-06-04,653.5957446808511,2023-01-11,2024-06-04,510,16.8
A-439b2f,Company_152,DevTools,US,2024-02-21,ads,Enterprise,1,0,1,1796.0,299.3333333333333,1274.0,6,1,0,3,3,2024-03-09,2024-12-27,1,0.5,20,15.075277777777778,45.225833333333334,5,14,2,25.0,0.1,3,3.981276595744681,,85.33333333333333,18.333333333333332,0,2,0.0,0.0,0.6666666666666666,features,17.06,True,2024-11-18,1796.0,2024-02-21,2024-11-18,271,8.9
A-544d0a,Company_153,DevTools,US,2024-05-02,organic,Basic,2,1,0,18492.0,1849.2,12736.0,10,1,2,4,6,2024-05-24,2024-12-19,-1,0.4,47,42.45166666666667,54.193617021276594,22,27,7,46.808510638297875,0.14893617021276595,2,4.0,3.0,98.0,38.5,1,1,0.0,50.0,0.5,,0.0,,,9246.0,2024-05-02,,243,8.0
A-ba6516,Company_154,FinTech,US,2023-10-29,ads,Pro,27,0,0,28379.0,2183.0,7562.0,13,1,3,5,8,2024-01-10,2024-11-24,-2,0.38461538461538464,60,59.32055555555556,59.32055555555555,32,31,8,53.333333333333336,0.13333333333333333,6,4.0,3.0,71.0,31.5,0,1,0.0,0.0,0.16666666666666666,budget,0.0,False,2024-03-17,1051.0740740740741,2023-10-29,2024-03-17,140,4.6
A-712426,Company_155,HealthTech,US,2024-11-10,other,Enterprise,9,0,0,11197.0,746.4666666666667,2587.0,15,2,0,8,7,2024-11-10,2024-12-31,2,0.5333333333333333,70,59.63361111111111,51.11452380952381,31,32,6,44.285714285714285,0.08571428571428572,6,4.4,4.0,79.16666666666667,37.333333333333336,0,1,1.0,0.0,0.3333333333333333,features,0.0,True,2024-12-23,1244.111111111111,2024-11-10,2024-12-23,43,1.4
A-038089,Company_156,DevTools,FR,2023-12-19,other,Pro,5,0,1,2104.0,701.3333333333334,1764.0,3,0,0,2,1,2024-06-27,2024-12-30,0,0.6666666666666666,20,17.686944444444446,53.060833333333335,15,15,1,75.0,0.05,6,3.6666666666666665,3.0,86.16666666666667,30.166666666666668,0,1,1.0,0.0,0.3333333333333333,features,19.34,False,2024-12-25,420.8,2023-12-19,2024-12-25,372,12.2
A-afa505,Company_157,DevTools,US,2023-12-27,partner,Basic,70,1,0,66010.0,7334.444444444444,13930.0,9,2,1,2,7,2024-01-08,2024-11-19,1,0.2222222222222222,51,45.18694444444444,53.16111111111111,28,33,8,54.90196078431373,0.1568627450980392,4,3.0,3.0,88.25,37.25,1,2,0.0,25.0,0.5,support,0.0,False,2024-03-02,943.0,2023-12-27,2024-03-02,66,2.2
A-d5a319,Company_158,FinTech,US,2023-05-04,other,Enterprise,15,0,1,37847.0,3153.9166666666665,13930.0,12,3,2,7,5,2023-06-27,2024-11-19,1,0.5833333333333334,59,59.07083333333333,60.07203389830509,43,32,5,72.88135593220339,0.0847457627118644,1,4.0,4.0,132.0,17.0,1,0,0.0,100.0,0.0,,0.0,,,2523.133333333333,2023-05-04,,607,19.9
A-f97b9a,Company_159,FinTech,US,2023-07-09,event,Pro,16,0,0,23833.0,2166.6363636363635,7164.0,11,1,0,7,4,2023-09-10,2024-12-08,1,0.6363636363636364,56,48.1225,51.55982142857143,33,29,6,58.92857142857143,0.10714285714285714,7,3.6666666666666665,3.0,69.85714285714286,31.714285714285715,0,1,2.0,0.0,0.42857142857142855,,0.0,,,1489.5625,2023-07-09,,541,17.8
A-2f6a32,Company_160,HealthTech,US,2024-08-26,organic,Basic,19,0,0,7513.0,683.0,1617.0,11,1,0,7,4,2024-09-16,2024-12-08,1,0.6363636363636364,66,57.57861111111111,52.344191919191914,46,32,6,69.6969696969697,0.09090909090909091,2,3.5,3.0,72.0,41.0,0,0,0.0,0.0,0.0,,0.0,,,395.42105263157896,2024-08-26,,127,4.2
A-856b1e,Company_161,FinTech,US,2023-10-31,partner,Basic,19,0,0,6321.0,1053.5,1764.0,6,1,0,0,6,2023-11-02,2024-10-17,1,0.0,23,17.61611111111111,45.95507246376812,24,17,4,104.34782608695652,0.17391304347826086,5,3.981276595744681,,79.4,36.0,1,0,0.0,20.0,0.0,,0.0,,,332.6842105263158,2023-10-31,,427,14.0
A-17939a,Company_162,HealthTech,US,2024-12-26,organic,Basic,1,0,0,9669.0,879.0,2587.0,11,0,0,4,7,2024-12-26,2024-12-31,0,0.36363636363636365,47,33.8125,43.16489361702127,43,25,5,91.48936170212765,0.10638297872340426,7,4.5,4.0,83.42857142857143,38.0,0,3,2.0,0.0,0.7142857142857143,,0.0,,,9669.0,2024-12-26,,5,0.2
A-d27f50,Company_163,Cybersecurity,UK,2024-07-20,ads,Enterprise,44,0,0,44815.0,3734.5833333333335,9552.0,12,1,0,5,7,2024-07-22,2024-12-29,1,0.4166666666666667,50,47.250277777777775,56.70033333333333,31,29,4,62.0,0.08,4,3.75,3.0,116.5,37.5,0,1,1.0,0.0,0.5,,0.0,,,1018.5227272727273,2024-07-20,,164,5.4
A-e36807,Company_164,EdTech,AU,2024-05-17,other,Pro,6,0,0,12569.0,1256.9,2786.0,10,0,0,5,5,2024-06-01,2024-12-23,0,0.5,49,39.124722222222225,47.9078231292517,27,27,4,55.10204081632652,0.08163265306122448,2,4.5,4.0,152.0,41.0,0,0,1.0,0.0,0.5,,0.0,,,2094.8333333333335,2024-05-17,,228,7.5
A-ff79f2,Company_165,DevTools,US,2024-04-25,ads,Basic,8,0,1,27873.0,3097.0,16517.0,9,2,0,4,5,2024-05-29,2024-12-31,2,0.4444444444444444,41,37.18,54.40975609756097,12,24,4,29.268292682926827,0.0975609756097561,2,3.981276595744681,,82.5,50.0,0,0,0.0,0.0,0.0,,0.0,,,3484.125,2024-04-25,,250,8.2
A-5b1bcd,Company_166,DevTools,US,2023-09-16,organic,Pro,73,0,0,133298.0,8886.533333333333,14527.0,15,3,0,10,5,2023-09-23,2024-12-31,3,0.6666666666666666,86,69.80111111111111,48.6984496124031,54,34,6,62.7906976744186,0.06976744186046512,4,4.5,4.0,92.5,43.25,0,3,0.0,0.0,0.75,competitor,4.45,False,2024-08-07,1826.0,2023-09-16,2024-08-07,326,10.7
A-71615e,Company_167,EdTech,US,2024-05-18,organic,Basic,15,0,0,40713.0,3131.769230769231,11940.0,13,3,0,7,6,2024-06-27,2024-12-06,3,0.5384615384615384,62,54.11083333333333,52.36532258064516,41,29,4,66.12903225806451,0.06451612903225806,1,3.981276595744681,,77.0,49.0,0,0,0.0,0.0,0.0,pricing,0.0,False,2024-07-16,2714.2,2024-05-18,2024-07-16,59,1.9
A-794a0b,Company_168,HealthTech,DE,2023-06-02,organic,Basic,23,0,0,10575.0,1510.7142857142858,6169.0,7,0,0,3,4,2023-08-07,2024-07-05,0,0.42857142857142855,38,26.166666666666668,41.315789473684205,31,28,1,81.57894736842105,0.02631578947368421,0,3.981276595744681,,88.48,35.861,0,0,,0.0,0.0,budget,0.0,False,2024-09-09,459.7826086956522,2023-06-02,2024-09-09,465,15.3
A-86902e,Company_169,HealthTech,IN,2023-05-02,other,Enterprise,34,0,0,36041.0,3604.1,12139.0,10,2,0,5,5,2023-07-21,2024-12-11,2,0.5,63,56.2025,53.52619047619047,36,32,6,57.14285714285714,0.09523809523809523,9,3.5,3.0,71.44444444444444,40.888888888888886,0,3,1.0,0.0,0.4444444444444444,features,0.0,False,2024-12-07,1060.0294117647059,2023-05-02,2024-12-07,585,19.2
A-0532a9,Company_170,FinTech,IN,2024-09-25,event,Pro,19,0,0,15161.0,1516.1,5373.0,10,4,1,7,3,2024-09-26,2024-12-26,3,0.7,54,43.83111111111111,48.70123456790123,30,30,7,55.55555555555556,0.12962962962962962,8,3.0,3.0,73.375,30.75,0,0,1.0,0.0,0.125,pricing,2.4,False,2024-10-09,797.9473684210526,2024-09-25,2024-10-09,14,0.5
A-9779ad,Company_171,Cybersecurity,AU,2024-03-29,event,Pro,40,1,1,51680.0,5168.0,7960.0,10,0,0,4,6,2024-04-07,2024-12-16,0,0.4,43,30.299722222222222,42.27868217054264,25,29,3,58.139534883720934,0.06976744186046512,3,5.0,5.0,116.33333333333333,20.666666666666668,0,1,1.0,0.0,0.6666666666666666,unknown,0.0,False,2024-04-17,1292.0,2024-03-29,2024-04-17,19,0.6
A-f45426,Company_172,HealthTech,US,2024-08-05,organic,Basic,9,0,0,17289.0,1571.7272727272727,9154.0,11,0,3,5,6,2024-08-05,2024-12-29,-3,0.45454545454545453,61,53.23638888888889,52.36366120218579,49,33,5,80.32786885245902,0.08196721311475409,3,4.0,4.0,69.0,17.0,0,2,0.0,0.0,0.6666666666666666,pricing,47.17,False,2024-11-13,1921.0,2024-08-05,2024-11-13,100,3.3
A-c1e51e,Company_173,FinTech,US,2024-10-02,organic,Basic,3,0,0,23905.0,2390.5,10945.0,10,1,1,4,6,2024-10-20,2024-12-29,0,0.4,50,42.285555555555554,50.742666666666665,36,28,7,72.0,0.14,5,3.2,3.0,75.6,40.0,0,4,1.0,0.0,1.0,pricing,0.0,False,2024-11-09,7968.333333333333,2024-10-02,2024-11-09,38,1.2
A-fa3095,Company_174,FinTech,US,2023-09-03,ads,Basic,70,0,0,69230.0,5769.166666666667,13930.0,12,0,0,7,5,2023-09-18,2024-12-30,0,0.5833333333333334,59,56.138888888888886,57.090395480225986,42,31,5,71.1864406779661,0.0847457627118644,5,5.0,5.0,84.0,49.2,0,1,2.0,0.0,0.6,support,0.0,False,2023-12-23,989.0,2023-09-03,2023-12-23,111,3.6
A-ad64c6,Company_175,DevTools,UK,2024-02-23,event,Pro,12,0,0,14708.0,2451.3333333333335,5572.0,6,0,0,3,3,2024-03-07,2024-11-20,0,0.5,20,22.1125,66.3375,18,16,2,90.0,0.1,4,5.0,5.0,98.5,34.0,0,0,2.0,0.0,0.5,unknown,19.08,False,2024-07-29,1225.6666666666667,2024-02-23,2024-07-29,157,5.2
A-39b19f,Company_176,FinTech,US,2023-02-03,partner,Enterprise,1,0,0,21237.0,1930.6363636363637,8159.0,11,1,1,3,8,2023-02-23,2024-11-07,0,0.2727272727272727,55,37.51694444444445,40.92757575757575,37,30,5,67.27272727272727,0.09090909090909091,6,4.25,3.0,87.5,47.833333333333336,1,0,3.0,16.666666666666664,0.5,unknown,0.0,False,2023-03-11,21237.0,2023-02-03,2023-03-11,36,1.2
A-56962b,Company_177,EdTech,UK,2024-04-09,partner,Enterprise,163,0,0,54605.0,7800.714285714285,32437.0,7,1,0,2,5,2024-05-15,2024-12-15,1,0.2857142857142857,29,22.76222222222222,47.094252873563214,25,16,4,86.20689655172413,0.13793103448275862,4,3.0,3.0,105.5,37.5,0,0,1.0,0.0,0.25,unknown,45.83,False,2024-07-27,335.0,2024-04-09,2024-07-27,109,3.6
A-e60f9d,Company_178,FinTech,US,2024-08-26,other,Basic,29,0,0,50817.0,3387.8,11542.0,15,0,2,9,6,2024-09-17,2024-12-25,-2,0.6,62,44.051944444444445,42.630913978494625,24,30,5,38.70967741935484,0.08064516129032258,2,3.981276595744681,,106.5,70.5,0,2,0.0,0.0,1.0,,0.0,,,1752.3103448275863,2024-08-26,,127,4.2
A-88c6ca,Company_179,FinTech,DE,2024-10-25,ads,Basic,5,0,1,6449.0,921.2857142857143,2401.0,7,0,0,2,5,2024-11-01,2024-12-23,0,0.2857142857142857,43,36.165277777777774,50.46317829457364,19,27,8,44.18604651162791,0.18604651162790697,1,3.981276595744681,,12.0,56.0,0,1,0.0,0.0,1.0,,0.0,,,1289.8,2024-10-25,,67,2.2
A-158f4e,Company_180,FinTech,IN,2023-03-03,other,Enterprise,61,0,0,43859.0,3654.9166666666665,12139.0,12,0,0,6,6,2023-06-02,2024-11-23,0,0.5,49,34.571666666666665,42.33265306122449,29,32,3,59.183673469387756,0.061224489795918366,5,4.333333333333333,4.0,126.0,27.6,0,1,2.0,0.0,0.6,budget,0.0,False,2023-03-05,719.0,2023-03-03,2023-03-05,2,0.1
A-5b051a,Company_181,Cybersecurity,US,2024-08-05,event,Enterprise,22,0,0,2332.0,583.0,1078.0,4,0,0,1,3,2024-09-18,2024-12-29,0,0.25,16,12.462222222222222,46.733333333333334,17,14,3,106.25,0.1875,1,3.0,3.0,2.0,2.0,0,1,0.0,0.0,1.0,,0.0,,,106.0,2024-08-05,,148,4.9
A-296d7c,Company_182,DevTools,DE,2023-11-08,other,Enterprise,2,0,0,1989.0,284.14285714285717,784.0,7,0,0,5,2,2024-01-30,2024-11-26,0,0.7142857142857143,33,34.65361111111111,63.006565656565655,18,21,7,54.54545454545454,0.21212121212121213,5,3.75,3.0,105.2,50.4,0,2,0.0,0.0,0.4,budget,0.0,False,2024-11-04,994.5,2023-11-08,2024-11-04,362,11.9
A-1619f8,Company_183,DevTools,US,2024-05-20,organic,Pro,29,0,0,19790.0,2827.1428571428573,10945.0,7,1,0,3,4,2024-06-09,2024-11-28,1,0.42857142857142855,42,39.66305555555556,56.66150793650794,26,27,2,61.904761904761905,0.047619047619047616,3,5.0,5.0,81.0,42.0,0,1,0.0,0.0,0.3333333333333333,competitor,0.0,False,2024-06-03,682.4137931034483,2024-05-20,2024-06-03,14,0.5
A-a1b80b,Company_184,HealthTech,US,2023-11-27,organic,Basic,16,0,0,34589.0,2161.8125,10348.0,16,3,1,12,4,2024-03-11,2024-11-07,2,0.75,72,61.83611111111111,51.530092592592595,48,33,5,66.66666666666666,0.06944444444444445,4,4.0,3.0,72.5,41.0,0,1,0.0,0.0,0.25,budget,12.99,True,2024-07-11,2161.8125,2023-11-27,2024-07-11,227,7.5
A-139c3b,Company_185,HealthTech,US,2024-11-21,organic,Enterprise,10,1,1,9027.0,1128.375,3582.0,8,1,0,5,3,2024-11-26,2024-12-30,1,0.625,44,41.83361111111111,57.045833333333334,16,27,7,36.36363636363637,0.1590909090909091,9,4.5,4.0,66.11111111111111,28.444444444444443,0,3,1.0,0.0,0.4444444444444444,,0.0,,,902.7,2024-11-21,,40,1.3
A-702032,Company_186,HealthTech,US,2023-10-03,ads,Pro,28,0,0,8540.0,1423.3333333333333,5572.0,6,1,0,4,2,2024-04-24,2024-12-13,1,0.6666666666666666,26,25.493333333333332,58.83076923076923,15,19,1,57.692307692307686,0.038461538461538464,4,3.0,3.0,98.25,26.0,0,0,1.0,0.0,0.25,features,10.5,False,2024-04-18,305.0,2023-10-03,2024-04-18,198,6.5
A-7a0d69,Company_187,DevTools,DE,2024-06-15,ads,Enterprise,4,1,1,10362.0,942.0,5174.0,11,2,0,5,6,2024-07-21,2024-12-10,2,0.45454545454545453,61,49.76861111111111,48.95273224043716,31,31,5,50.81967213114754,0.08196721311475409,2,5.0,5.0,52.5,29.0,0,1,1.0,0.0,1.0,features,28.95,False,2024-07-09,2590.5,2024-06-15,2024-07-09,24,0.8
A-22d9d2,Company_188,DevTools,FR,2024-03-22,event,Pro,8,0,0,18746.0,1339.0,4508.0,14,2,1,6,8,2024-03-27,2024-12-17,1,0.42857142857142855,75,66.5775,53.26199999999999,43,35,6,57.333333333333336,0.08,6,4.0,3.0,88.0,16.0,1,3,1.0,16.666666666666664,0.6666666666666666,pricing,0.0,False,2024-10-17,2343.25,2024-03-22,2024-10-17,209,6.9
A-b9eed8,Company_189,Cybersecurity,US,2024-02-23,organic,Basic,11,0,0,16577.0,1507.0,6766.0,11,0,3,7,4,2024-03-16,2024-11-30,-3,0.6363636363636364,61,46.79833333333333,46.03114754098361,55,29,9,90.1639344262295,0.14754098360655737,5,3.75,3.0,103.8,29.2,1,1,1.0,20.0,0.4,pricing,0.0,True,2024-04-23,1507.0,2024-02-23,2024-04-23,60,2.0
A-dfbd31,Company_190,DevTools,UK,2023-12-04,partner,Enterprise,14,0,0,25079.0,1791.357142857143,12338.0,14,1,1,6,8,2023-12-10,2024-12-09,0,0.42857142857142855,54,50.631388888888885,56.257098765432104,19,27,7,35.18518518518518,0.12962962962962962,6,4.25,3.0,129.83333333333334,29.666666666666668,0,0,3.0,0.0,0.5,unknown,0.0,False,2024-12-19,1791.357142857143,2023-12-04,2024-12-19,381,12.5
A-8e47ca,Company_191,HealthTech,US,2024-02-15,organic,Pro,19,0,0,28120.0,3124.4444444444443,6169.0,9,1,0,3,6,2024-02-27,2024-11-03,1,0.3333333333333333,46,37.0825,48.368478260869566,35,29,2,76.08695652173914,0.043478260869565216,5,4.0,3.0,80.6,33.4,1,0,3.0,20.0,0.6,competitor,0.0,False,2024-06-01,1480.0,2024-02-15,2024-06-01,107,3.5
A-4437e4,Company_192,Cybersecurity,US,2023-09-16,event,Enterprise,3,0,0,17831.0,1114.4375,3184.0,16,4,1,8,8,2023-11-17,2024-12-23,3,0.5,83,72.2975,52.26325301204819,43,37,8,51.80722891566265,0.0963855421686747,6,3.0,3.0,125.33333333333333,34.666666666666664,2,1,2.0,33.33333333333333,0.5,features,0.0,False,2024-06-21,5943.666666666667,2023-09-16,2024-06-21,279,9.2
A-779e4e,Company_193,HealthTech,US,2023-01-02,organic,Basic,5,0,0,28081.0,2808.1,11542.0,10,2,1,6,4,2023-01-09,2024-09-18,1,0.6,44,30.843888888888888,42.05984848484848,20,28,6,45.45454545454545,0.13636363636363635,5,4.0,3.0,91.6,26.6,0,4,0.0,0.0,0.8,,0.0,,,5616.2,2023-01-02,,729,24.0
A-53f4e3,Company_194,Cybersecurity,UK,2024-06-14,event,Enterprise,13,0,0,15072.0,1507.2,4557.0,10,0,0,6,4,2024-06-17,2024-12-22,0,0.6,44,35.42472222222222,48.30643939393939,45,29,1,102.27272727272727,0.022727272727272728,5,4.0,3.0,99.0,28.6,0,3,2.0,0.0,1.0,competitor,0.0,True,2024-12-06,1159.3846153846155,2024-06-14,2024-12-06,175,5.7
A-692f18,Company_195,EdTech,US,2024-03-28,other,Basic,5,1,1,30550.0,1797.0588235294117,7363.0,17,2,1,9,8,2024-03-29,2024-12-15,1,0.5294117647058824,87,72.75305555555556,50.174521072796935,55,36,9,63.2183908045977,0.10344827586206896,2,5.0,5.0,120.0,37.5,0,0,1.0,0.0,0.5,support,0.0,False,2024-12-23,6110.0,2024-03-28,2024-12-23,270,8.9
A-13466a,Company_196,DevTools,AU,2023-10-22,event,Basic,2,0,1,13343.0,2223.8333333333335,7960.0,6,0,0,3,3,2023-11-18,2024-09-20,0,0.5,22,15.983055555555556,43.59015151515152,14,17,2,63.63636363636363,0.09090909090909091,3,4.333333333333333,3.0,94.33333333333333,32.333333333333336,1,0,2.0,33.33333333333333,0.6666666666666666,pricing,6.51,True,2024-04-18,6671.5,2023-10-22,2024-04-18,179,5.9
A-1986ca,Company_197,HealthTech,IN,2023-01-30,ads,Pro,20,0,0,27661.0,3951.5714285714284,6169.0,7,1,0,2,5,2023-07-06,2024-09-24,1,0.2857142857142857,37,28.439444444444444,46.11801801801802,23,26,5,62.16216216216216,0.13513513513513514,7,3.4,3.0,106.57142857142857,36.57142857142857,0,3,2.0,0.0,0.7142857142857143,,0.0,,,1383.05,2023-01-30,,701,23.0
A-0cc442,Company_198,EdTech,US,2024-07-18,organic,Basic,45,0,0,61935.0,4764.2307692307695,10547.0,13,3,1,5,8,2024-07-27,2024-12-18,2,0.38461538461538464,77,64.09972222222223,49.9478354978355,41,34,7,53.246753246753244,0.09090909090909091,3,3.0,3.0,47.333333333333336,37.0,0,1,0.0,0.0,0.3333333333333333,budget,59.52,True,2024-10-23,1376.3333333333333,2024-07-18,2024-10-23,97,3.2
A-c608c8,Company_199,DevTools,DE,2023-04-27,ads,Pro,3,0,1,9514.0,1189.25,2842.0,8,1,1,3,5,2023-06-30,2024-10-12,0,0.375,43,40.09583333333333,55.94767441860465,27,29,5,62.7906976744186,0.11627906976744186,2,3.0,3.0,66.0,59.0,0,0,0.0,0.0,0.0,support,0.0,False,2024-06-04,3171.3333333333335,2023-04-27,2024-06-04,404,13.3
A-3be56b,Company_200,HealthTech,IN,2023-10-26,event,Pro,3,0,1,17040.0,1420.0,5970.0,12,1,1,6,6,2023-11-22,2024-12-01,0,0.5,55,47.196666666666665,51.487272727272725,33,28,8,60.0,0.14545454545454545,4,3.5,3.0,74.0,40.25,0,0,0.0,0.0,0.0,pricing,0.0,False,2024-06-20,5680.0,2023-10-26,2024-06-20,238,7.8
A-354f12,Company_201,FinTech,US,2024-04-28,ads,Pro,1,1,0,8889.0,2222.25,6766.0,4,0,1,2,2,2024-05-28,2024-11-08,-1,0.5,15,13.475,53.9,3,14,1,20.0,0.06666666666666667,2,3.981276595744681,,137.5,56.5,0,0,0.0,0.0,0.0,competitor,0.0,False,2024-09-19,8889.0,2024-04-28,2024-09-19,144,4.7
A-68f37c,Company_202,HealthTech,US,2023-07-15,ads,Basic,4,0,0,32270.0,2689.1666666666665,24079.0,12,3,0,4,8,2023-07-24,2024-10-05,3,0.3333333333333333,65,56.32111111111111,51.98871794871795,40,30,6,61.53846153846154,0.09230769230769231,5,4.0,4.0,119.8,20.2,0,1,1.0,0.0,0.4,competitor,0.0,True,2024-02-08,8067.5,2023-07-15,2024-02-08,208,6.8
A-aa9511,Company_203,DevTools,US,2023-10-10,other,Pro,23,1,0,60970.0,4064.6666666666665,19303.0,15,0,1,6,9,2023-10-11,2024-12-12,-1,0.4,65,52.64611111111111,48.59641025641026,35,33,5,53.84615384615385,0.07692307692307693,2,4.0,4.0,98.5,56.5,0,1,1.0,0.0,1.0,competitor,0.0,False,2023-10-17,2650.8695652173915,2023-10-10,2023-10-17,7,0.2
A-af0cd2,Company_204,Cybersecurity,IN,2023-01-03,other,Enterprise,19,1,0,6460.0,587.2727272727273,1083.0,11,1,0,6,5,2023-01-12,2024-10-05,1,0.5454545454545454,70,62.60166666666667,53.65857142857143,33,31,8,47.14285714285714,0.11428571428571428,3,3.981276595744681,,149.33333333333334,54.333333333333336,0,1,0.0,0.0,0.3333333333333333,unknown,0.0,False,2023-10-26,340.0,2023-01-03,2023-10-26,296,9.7
A-bd4513,Company_205,DevTools,AU,2024-11-06,event,Enterprise,50,1,0,52204.0,4350.333333333333,9950.0,12,2,0,8,4,2024-11-12,2024-12-30,2,0.6666666666666666,51,43.76305555555555,51.4859477124183,34,28,4,66.66666666666666,0.0784313725490196,3,4.666666666666667,4.0,58.666666666666664,42.0,0,0,1.0,0.0,0.3333333333333333,features,35.14,False,2024-12-07,1044.08,2024-11-06,2024-12-07,31,1.0
A-c222ab,Company_206,Cybersecurity,US,2024-05-10,other,Pro,32,0,1,18656.0,2665.1428571428573,6368.0,7,1,0,2,5,2024-08-24,2024-12-27,1,0.2857142857142857,45,37.066944444444445,49.422592592592586,33,27,6,73.33333333333333,0.13333333333333333,4,5.0,5.0,94.5,39.0,0,2,0.0,0.0,0.5,budget,32.14,False,2024-06-14,583.0,2024-05-10,2024-06-14,35,1.1
A-34d880,Company_207,Cybersecurity,AU,2024-04-11,ads,Enterprise,4,0,0,20964.0,2329.3333333333335,10547.0,9,0,0,1,8,2024-04-18,2024-10-21,0,0.1111111111111111,47,40.117777777777775,51.214184397163116,40,29,3,85.1063829787234,0.06382978723404255,5,3.0,3.0,90.8,52.2,0,1,0.0,0.0,0.2,unknown,10.4,False,2024-12-20,5241.0,2024-04-11,2024-12-20,253,8.3
A-508199,Company_208,FinTech,AU,2024-01-28,event,Basic,19,0,0,8436.0,1687.2,3781.0,5,0,0,3,2,2024-01-30,2024-12-11,0,0.6,24,22.330277777777777,55.825694444444444,15,16,2,62.5,0.08333333333333333,3,3.0,3.0,67.33333333333333,50.666666666666664,0,1,0.0,0.0,0.3333333333333333,,0.0,,,444.0,2024-01-28,,338,11.1
A-f03140,Company_209,DevTools,IN,2023-11-22,event,Pro,27,1,0,21075.0,2107.5,5373.0,10,1,1,5,5,2023-12-11,2024-11-06,0,0.5,57,54.7125,57.5921052631579,22,32,4,38.59649122807017,0.07017543859649122,7,3.6666666666666665,3.0,113.14285714285714,36.0,0,2,1.0,0.0,0.42857142857142855,competitor,0.0,False,2024-10-03,780.5555555555555,2023-11-22,2024-10-03,316,10.4
A-410e86,Company_210,FinTech,US,2024-11-10,organic,Basic,24,0,0,15960.0,2280.0,4776.0,7,0,0,4,3,2024-11-16,2024-12-25,0,0.5714285714285714,30,29.845277777777778,59.690555555555555,21,22,3,70.0,0.1,5,3.5,3.0,110.0,42.6,0,0,1.0,0.0,0.2,,0.0,,,665.0,2024-11-10,,51,1.7
A-fa2041,Company_211,HealthTech,US,2024-05-29,organic,Pro,15,1,0,20915.0,1742.9166666666667,3582.0,12,0,0,5,7,2024-06-11,2024-12-05,0,0.4166666666666667,61,43.68416666666667,42.968032786885246,34,34,6,55.73770491803278,0.09836065573770492,1,3.0,3.0,99.0,16.0,0,0,0.0,0.0,0.0,competitor,0.0,False,2024-07-13,1394.3333333333333,2024-05-29,2024-07-13,45,1.5
A-de58ca,Company_212,HealthTech,DE,2023-04-13,organic,Enterprise,15,0,0,23905.0,2173.181818181818,12338.0,11,0,0,8,3,2023-04-20,2024-09-01,0,0.7272727272727273,49,39.428333333333335,48.27959183673469,33,28,7,67.3469387755102,0.14285714285714285,5,3.3333333333333335,3.0,115.0,30.6,0,0,1.0,0.0,0.2,,0.0,,,1593.6666666666667,2023-04-13,,628,20.6
A-05d3b3,Company_213,DevTools,AU,2023-05-28,ads,Basic,9,1,0,12610.0,970.0,3781.0,13,0,0,7,6,2023-07-12,2024-10-01,0,0.5384615384615384,64,53.71194444444444,50.35494791666667,22,32,4,34.375,0.0625,6,4.333333333333333,4.0,48.333333333333336,31.5,0,2,1.0,0.0,0.5,unknown,0.0,False,2024-03-12,1401.111111111111,2023-05-28,2024-03-12,289,9.5
A-249769,Company_214,Cybersecurity,US,2024-04-25,event,Enterprise,4,0,1,15717.0,1209.0,11144.0,13,0,0,8,5,2024-06-08,2024-11-21,0,0.6153846153846154,68,53.82694444444444,47.49436274509804,30,31,3,44.11764705882353,0.04411764705882353,2,4.0,3.0,96.5,39.5,0,0,1.0,0.0,0.5,budget,0.0,True,2024-12-16,3929.25,2024-04-25,2024-12-16,235,7.7
A-e43bf7,Company_215,Cybersecurity,AU,2023-03-24,other,Pro,44,0,0,46666.0,6666.571428571428,13930.0,7,3,0,5,2,2023-05-21,2024-12-29,3,0.7142857142857143,40,28.7375,43.10625,35,26,2,87.5,0.05,5,4.0,3.0,80.0,27.4,1,2,0.0,20.0,0.4,pricing,0.0,False,2023-06-24,1060.590909090909,2023-03-24,2023-06-24,92,3.0
A-eb2fdc,Company_216,DevTools,AU,2023-11-21,organic,Enterprise,31,0,1,31968.0,2664.0,9353.0,12,0,0,7,5,2024-02-24,2024-12-19,0,0.5833333333333334,54,48.5175,53.90833333333333,17,29,3,31.48148148148148,0.05555555555555555,5,4.5,4.0,37.6,33.6,0,0,0.0,0.0,0.0,competitor,0.0,False,2024-05-26,1031.225806451613,2023-11-21,2024-05-26,187,6.1
A-e1462e,Company_217,FinTech,UK,2023-03-12,partner,Basic,15,0,0,12030.0,1718.5714285714287,5771.0,7,1,1,4,3,2023-04-03,2024-11-20,0,0.5714285714285714,35,27.249166666666667,46.712857142857146,22,26,4,62.857142857142854,0.11428571428571428,2,3.5,3.0,118.5,39.5,0,1,1.0,0.0,1.0,competitor,0.0,True,2024-12-05,802.0,2023-03-12,2024-12-05,634,20.8
A-cab532,Company_218,DevTools,FR,2023-04-03,organic,Pro,11,1,0,20088.0,1339.2,4975.0,15,2,1,10,5,2023-04-21,2024-12-16,1,0.6666666666666666,101,76.01083333333334,45.154950495049505,47,38,7,46.53465346534654,0.06930693069306931,1,4.0,4.0,175.0,32.0,0,0,0.0,0.0,0.0,support,0.0,False,2024-07-10,1826.1818181818182,2023-04-03,2024-07-10,464,15.2
A-9123ac,Company_219,Cybersecurity,DE,2023-06-20,organic,Pro,9,0,0,14751.0,2107.285714285714,8358.0,7,0,1,3,4,2023-10-25,2024-10-21,-1,0.42857142857142855,37,33.33722222222222,54.06036036036036,24,28,4,64.86486486486487,0.10810810810810811,6,4.2,3.0,91.66666666666667,38.833333333333336,0,2,1.0,0.0,0.5,competitor,0.0,True,2024-10-23,1639.0,2023-06-20,2024-10-23,491,16.1
A-6e08f3,Company_220,Cybersecurity,US,2023-02-27,event,Basic,8,0,0,18190.0,1819.0,5572.0,10,1,1,3,7,2023-07-25,2024-12-27,0,0.3,50,41.410555555555554,49.69266666666667,21,28,7,42.0,0.14,2,3.5,3.0,137.0,36.5,0,1,0.0,0.0,0.5,competitor,0.0,True,2024-02-10,2273.75,2023-02-27,2024-02-10,348,11.4
A-d922bf,Company_221,HealthTech,US,2023-09-08,ads,Basic,5,1,1,17114.0,2444.8571428571427,6368.0,7,0,0,5,2,2023-10-29,2024-12-10,0,0.7142857142857143,41,37.25527777777778,54.51991869918699,19,24,3,46.34146341463415,0.07317073170731707,7,3.3333333333333335,3.0,101.14285714285714,39.142857142857146,1,0,2.0,14.285714285714285,0.2857142857142857,support,11.13,False,2024-12-06,3422.8,2023-09-08,2024-12-06,455,14.9
A-8ed5dd,Company_222,EdTech,UK,2023-06-29,event,Enterprise,5,0,1,11956.0,996.3333333333334,5970.0,12,3,1,7,5,2023-08-08,2024-11-27,2,0.5833333333333334,55,48.115833333333335,52.49,45,29,2,81.81818181818183,0.03636363636363636,6,3.75,3.0,96.83333333333333,29.0,0,1,3.0,0.0,0.6666666666666666,support,0.0,False,2024-10-30,2391.2,2023-06-29,2024-10-30,489,16.1
A-7c6b6b,Company_223,FinTech,US,2024-11-30,other,Basic,6,0,0,4818.0,688.2857142857143,1372.0,7,0,0,3,4,2024-12-06,2024-12-28,0,0.42857142857142855,35,22.90861111111111,39.271904761904764,24,22,5,68.57142857142857,0.14285714285714285,5,4.333333333333333,3.0,82.4,52.2,0,0,2.0,0.0,0.4,budget,0.0,False,2024-12-09,803.0,2024-11-30,2024-12-09,9,0.3
A-3c1a3f,Company_224,DevTools,UK,2023-08-26,event,Pro,1,0,0,14909.0,1242.4166666666667,5771.0,12,0,1,7,5,2023-08-31,2024-10-26,-1,0.5833333333333334,51,47.8725,56.32058823529412,22,31,5,43.13725490196079,0.09803921568627451,4,3.5,3.0,56.5,33.25,0,0,1.0,0.0,0.25,,0.0,,,14909.0,2023-08-26,,493,16.2
A-b48f73,Company_225,EdTech,AU,2024-11-13,event,Pro,80,1,0,28320.0,4045.714285714286,15920.0,7,0,0,4,3,2024-11-15,2024-12-27,0,0.5714285714285714,44,32.89333333333333,44.85454545454546,23,24,3,52.27272727272727,0.06818181818181818,3,4.0,3.0,35.333333333333336,28.666666666666668,0,0,2.0,0.0,0.6666666666666666,,0.0,,,354.0,2024-11-13,,48,1.6
A-76fa4d,Company_226,HealthTech,US,2024-11-24,event,Pro,69,0,0,61686.0,8812.285714285714,13731.0,7,0,0,2,5,2024-11-26,2024-12-24,0,0.2857142857142857,36,35.069722222222225,58.44953703703704,21,21,4,58.333333333333336,0.1111111111111111,5,4.5,4.0,111.8,33.4,0,1,2.0,0.0,0.6,unknown,33.04,False,2024-11-26,894.0,2024-11-24,2024-11-26,2,0.1
A-b2af2e,Company_227,Cybersecurity,UK,2024-08-24,event,Enterprise,5,0,0,3112.0,778.0,1026.0,4,0,1,1,3,2024-08-26,2024-12-31,-1,0.25,18,16.726111111111113,55.7537037037037,11,14,4,61.111111111111114,0.2222222222222222,2,4.0,4.0,95.0,39.5,0,0,0.0,0.0,0.0,pricing,0.0,False,2024-11-14,622.4,2024-08-24,2024-11-14,82,2.7
A-9bfc9f,Company_228,DevTools,CA,2023-09-14,ads,Pro,53,0,0,15342.0,1704.6666666666667,2940.0,9,3,2,4,5,2023-09-19,2024-07-30,1,0.4444444444444444,37,30.517222222222223,49.487387387387386,18,23,4,48.64864864864865,0.10810810810810811,6,3.3333333333333335,3.0,84.33333333333333,35.333333333333336,1,1,2.0,16.666666666666664,0.5,,0.0,,,289.47169811320754,2023-09-14,,474,15.6
A-4ae22a,Company_229,EdTech,US,2024-05-09,other,Pro,6,0,1,9432.0,1347.4285714285713,5572.0,7,0,0,4,3,2024-05-28,2024-12-23,0,0.5714285714285714,35,39.551944444444445,67.80333333333333,31,24,6,88.57142857142857,0.17142857142857143,3,3.0,3.0,72.66666666666667,14.333333333333334,0,1,0.0,0.0,0.3333333333333333,pricing,0.0,False,2024-07-20,1572.0,2024-05-09,2024-07-20,72,2.4
A-fda07f,Company_230,Cybersecurity,FR,2024-08-11,partner,Basic,7,0,0,28418.0,2368.1666666666665,13731.0,12,4,1,8,4,2024-08-24,2024-12-30,3,0.6666666666666666,65,64.27111111111111,59.327179487179485,39,31,4,60.0,0.06153846153846154,5,4.0,3.0,57.0,17.8,0,1,2.0,0.0,0.6,support,17.34,False,2024-09-13,4059.714285714286,2024-08-11,2024-09-13,33,1.1
A-de24d5,Company_231,DevTools,US,2024-11-05,other,Enterprise,5,1,0,21327.0,1640.5384615384614,7363.0,13,0,0,7,6,2024-11-06,2024-12-28,0,0.5384615384615384,53,38.96277777777778,44.10880503144654,28,29,6,52.83018867924528,0.11320754716981132,7,3.0,3.0,103.42857142857143,43.142857142857146,0,1,2.0,0.0,0.42857142857142855,,0.0,,,4265.4,2024-11-05,,56,1.8
A-977ca0,Company_232,HealthTech,IN,2023-02-20,partner,Basic,6,0,1,30055.0,1878.4375,18109.0,16,1,0,5,11,2023-02-20,2024-11-24,1,0.3125,85,67.46111111111111,47.61960784313725,46,38,13,54.11764705882353,0.15294117647058825,3,4.0,4.0,123.0,64.0,0,1,1.0,0.0,0.6666666666666666,,0.0,,,5009.166666666667,2023-02-20,,680,22.3
A-ab438f,Company_233,Cybersecurity,US,2024-09-13,ads,Enterprise,13,0,1,16358.0,2044.75,5970.0,8,1,0,4,4,2024-10-18,2024-12-27,1,0.5,36,30.95888888888889,51.59814814814815,12,25,3,33.33333333333333,0.08333333333333333,2,3.5,3.0,112.5,33.5,0,2,0.0,0.0,1.0,budget,0.0,False,2024-12-02,1258.3076923076924,2024-09-13,2024-12-02,80,2.6
A-e89151,Company_234,FinTech,UK,2023-09-14,organic,Pro,8,1,1,21734.0,2414.8888888888887,8756.0,9,3,0,3,6,2023-11-14,2024-12-17,3,0.3333333333333333,58,52.440555555555555,54.24885057471264,29,30,13,50.0,0.22413793103448276,2,5.0,5.0,48.5,41.5,0,0,0.0,0.0,0.0,,0.0,,,2716.75,2023-09-14,,474,15.6
A-40906c,Company_235,EdTech,US,2024-03-27,ads,Basic,92,0,0,64400.0,5366.666666666667,18308.0,12,0,0,6,6,2024-05-28,2024-12-01,0,0.5,63,58.40083333333333,55.61984126984127,32,32,7,50.79365079365079,0.1111111111111111,5,3.75,3.0,95.0,29.2,0,1,0.0,0.0,0.2,,0.0,,,700.0,2024-03-27,,279,9.2
A-81edc3,Company_236,Cybersecurity,IN,2023-10-30,ads,Basic,5,0,0,17524.0,1460.3333333333333,8756.0,12,2,0,3,9,2023-11-07,2024-12-16,2,0.25,74,68.07777777777778,55.1981981981982,41,33,11,55.4054054054054,0.14864864864864866,3,4.0,3.0,70.0,52.666666666666664,0,0,3.0,0.0,1.0,pricing,10.91,False,2024-09-21,3504.8,2023-10-30,2024-09-21,327,10.7
A-328bd0,Company_237,HealthTech,AU,2023-05-16,partner,Enterprise,18,0,0,15979.0,1229.1538461538462,3582.0,13,1,1,6,7,2023-08-10,2024-12-18,0,0.46153846153846156,61,45.05833333333333,44.31967213114754,49,30,5,80.32786885245902,0.08196721311475409,5,3.6666666666666665,3.0,68.2,46.0,0,0,2.0,0.0,0.4,,0.0,,,887.7222222222222,2023-05-16,,595,19.5
A-b3fe05,Company_238,Cybersecurity,CA,2024-05-28,partner,Pro,8,0,0,24494.0,2721.5555555555557,9950.0,9,0,0,3,6,2024-06-06,2024-12-20,0,0.3333333333333333,43,39.43388888888889,55.02403100775194,18,29,8,41.86046511627907,0.18604651162790697,4,3.0,3.0,94.25,48.25,0,2,2.0,0.0,1.0,,0.0,,,3061.75,2024-05-28,,217,7.1
A-09540c,Company_239,Cybersecurity,CA,2023-10-30,event,Basic,67,1,0,23718.0,3953.0,13333.0,6,1,1,2,4,2024-04-11,2024-12-22,0,0.3333333333333333,28,26.304444444444446,56.36666666666667,16,20,3,57.14285714285714,0.10714285714285714,2,4.5,4.0,89.0,28.0,0,0,1.0,0.0,0.5,unknown,71.44,False,2024-03-05,354.0,2023-10-30,2024-03-05,127,4.2
A-e693b6,Company_240,FinTech,AU,2023-05-25,event,Enterprise,55,0,1,34155.0,2846.25,10945.0,12,1,0,7,5,2023-08-01,2024-11-19,1,0.5833333333333334,61,57.26861111111111,56.32978142076502,25,31,4,40.98360655737705,0.06557377049180328,1,3.0,3.0,144.0,1.0,0,1,0.0,0.0,1.0,budget,0.0,False,2024-10-10,621.0,2023-05-25,2024-10-10,504,16.6
A-2446e3,Company_241,EdTech,IN,2024-01-10,organic,Pro,27,0,0,24138.0,3448.285714285714,5373.0,7,1,1,3,4,2024-01-21,2024-12-09,0,0.42857142857142855,48,41.95472222222222,52.44340277777778,32,28,5,66.66666666666666,0.10416666666666667,3,4.0,3.0,104.66666666666667,28.666666666666668,0,1,0.0,0.0,0.3333333333333333,unknown,81.93,True,2024-07-29,894.0,2024-01-10,2024-07-29,201,6.6
A-241e75,Company_242,EdTech,US,2024-07-03,partner,Enterprise,3,0,0,3594.0,718.8,2254.0,5,0,1,3,2,2024-07-11,2024-10-19,-1,0.6,28,27.849166666666665,59.676785714285714,20,17,2,71.42857142857143,0.07142857142857142,4,4.5,4.0,101.0,31.5,0,0,1.0,0.0,0.25,unknown,0.0,False,2024-10-11,1198.0,2024-07-03,2024-10-11,100,3.3
A-922109,Company_243,Cybersecurity,US,2024-01-26,ads,Pro,3,0,0,14118.0,1086.0,8159.0,13,0,0,4,9,2024-03-23,2024-12-01,0,0.3076923076923077,79,76.24,57.90379746835443,34,35,4,43.037974683544306,0.05063291139240506,3,3.0,3.0,127.0,25.333333333333332,0,0,1.0,0.0,0.3333333333333333,support,0.0,False,2024-08-03,4706.0,2024-01-26,2024-08-03,190,6.2
A-ff3c73,Company_244,HealthTech,AU,2023-01-26,other,Pro,21,0,0,4335.0,481.6666666666667,1254.0,9,1,0,7,2,2023-04-06,2024-10-20,1,0.7777777777777778,40,39.996944444444445,59.995416666666664,23,29,5,57.49999999999999,0.125,2,3.5,3.0,97.5,35.5,0,1,0.0,0.0,0.5,competitor,2.42,False,2023-12-09,206.42857142857142,2023-01-26,2023-12-09,317,10.4
A-8b0451,Company_245,FinTech,UK,2024-09-16,event,Enterprise,41,0,0,31709.0,3170.9,8159.0,10,0,0,5,5,2024-09-21,2024-12-22,0,0.5,60,49.425,49.425,45,32,6,75.0,0.1,7,3.5,3.0,83.71428571428571,26.571428571428573,0,4,1.0,0.0,0.7142857142857143,budget,0.0,False,2024-12-29,773.390243902439,2024-09-16,2024-12-29,104,3.4
A-331424,Company_246,DevTools,US,2023-11-06,organic,Basic,11,0,0,6776.0,1129.3333333333333,2189.0,6,0,0,3,3,2024-01-04,2024-11-04,0,0.5,20,21.158333333333335,63.475,9,17,3,45.0,0.15,2,3.981276595744681,,98.5,24.5,0,0,0.0,0.0,0.0,competitor,0.0,False,2024-02-21,616.0,2023-11-06,2024-02-21,107,3.5
A-51ec1b,Company_247,DevTools,US,2023-11-08,ads,Enterprise,7,0,0,11087.0,1847.8333333333333,3582.0,6,3,2,3,3,2024-02-10,2024-11-12,1,0.5,28,30.878333333333334,66.16785714285714,12,19,3,42.857142857142854,0.10714285714285714,3,5.0,5.0,150.0,52.333333333333336,1,0,1.0,33.33333333333333,0.3333333333333333,unknown,0.0,True,2023-12-09,1583.857142857143,2023-11-08,2023-12-09,31,1.0
A-bcf664,Company_248,DevTools,US,2023-05-19,other,Pro,5,0,0,13728.0,1056.0,2587.0,13,0,0,6,7,2023-06-16,2024-12-12,0,0.46153846153846156,56,50.53333333333333,54.14285714285714,28,31,5,50.0,0.08928571428571429,5,4.0,3.0,110.6,36.0,1,2,2.0,20.0,0.8,competitor,75.32,True,2024-08-08,2745.6,2023-05-19,2024-08-08,447,14.7
A-90a8c8,Company_249,FinTech,AU,2024-08-24,organic,Pro,15,0,0,26514.0,3787.714285714286,14527.0,7,2,0,4,3,2024-08-25,2024-12-03,2,0.5714285714285714,41,35.41277777777778,51.82357723577236,20,23,4,48.78048780487805,0.0975609756097561,4,3.25,3.0,29.5,45.0,0,2,0.0,0.0,0.5,support,0.0,False,2024-08-29,1767.6,2024-08-24,2024-08-29,5,0.2
A-86cdb4,Company_250,DevTools,DE,2024-09-22,partner,Basic,2,0,0,3551.0,394.55555555555554,988.0,9,0,0,4,5,2024-10-06,2024-12-31,0,0.4444444444444444,49,46.45166666666667,56.87959183673469,24,27,6,48.97959183673469,0.12244897959183673,5,4.333333333333333,3.0,105.8,26.4,0,2,2.0,0.0,0.8,,0.0,,,1775.5,2024-09-22,,100,3.3
A-4bfa33,Company_251,Cybersecurity,US,2024-12-07,event,Basic,8,1,0,5606.0,800.8571428571429,3528.0,7,0,0,3,4,2024-12-10,2024-12-25,0,0.42857142857142855,36,21.734444444444446,36.224074074074075,17,23,6,47.22222222222222,0.16666666666666666,4,3.6666666666666665,3.0,84.75,16.5,0,1,2.0,0.0,0.75,unknown,99.76,False,2024-12-28,700.75,2024-12-07,2024-12-28,21,0.7
A-dbc825,Company_252,EdTech,FR,2024-01-07,partner,Enterprise,19,0,0,42404.0,2650.25,10945.0,16,2,0,10,6,2024-01-19,2024-11-25,2,0.625,72,59.11138888888889,49.25949074074074,58,34,8,80.55555555555556,0.1111111111111111,6,4.0,3.0,108.16666666666667,49.5,1,1,2.0,16.666666666666664,0.5,features,0.0,False,2024-01-14,2231.7894736842104,2024-01-07,2024-01-14,7,0.2
A-c70870,Company_253,Cybersecurity,US,2024-10-22,partner,Basic,31,0,0,39614.0,5659.142857142857,33830.0,7,2,1,4,3,2024-11-11,2024-12-29,1,0.5714285714285714,34,29.538333333333334,52.12647058823529,18,23,4,52.94117647058824,0.11764705882352941,5,4.0,3.0,105.8,35.6,0,0,1.0,0.0,0.2,competitor,0.0,False,2024-12-13,1277.8709677419354,2024-10-22,2024-12-13,52,1.7
A-7c4956,Company_254,DevTools,US,2023-05-06,ads,Enterprise,5,0,1,3409.0,426.125,1194.0,8,0,0,4,4,2023-06-05,2024-12-20,0,0.5,45,36.02972222222222,48.03962962962963,40,27,6,88.88888888888889,0.13333333333333333,3,4.0,4.0,66.66666666666667,13.666666666666666,0,0,2.0,0.0,0.6666666666666666,,0.0,,,681.8,2023-05-06,,605,19.9
A-0651a4,Company_255,HealthTech,FR,2024-10-16,organic,Pro,16,0,0,44564.0,2970.9333333333334,12935.0,15,0,0,10,5,2024-10-27,2024-12-25,0,0.6666666666666666,69,55.95166666666667,48.6536231884058,37,34,8,53.62318840579711,0.11594202898550725,4,4.0,3.0,48.5,29.25,0,1,3.0,0.0,1.0,support,0.0,False,2024-12-25,2785.25,2024-10-16,2024-12-25,70,2.3
A-3ce5b8,Company_256,FinTech,IN,2023-09-07,ads,Basic,8,0,1,16650.0,1850.0,9261.0,9,0,0,5,4,2023-12-15,2024-10-03,0,0.5555555555555556,50,41.056111111111115,49.26733333333333,29,29,5,57.99999999999999,0.1,10,3.7142857142857144,3.0,101.8,42.5,0,3,3.0,0.0,0.6,features,261.49,False,2024-09-18,2081.25,2023-09-07,2024-09-18,377,12.4
A-bd4708,Company_257,FinTech,US,2024-07-21,ads,Pro,37,1,0,38975.0,2998.076923076923,7363.0,13,1,0,10,3,2024-07-24,2024-12-18,1,0.7692307692307693,64,56.0825,52.57734375,30,33,7,46.875,0.109375,4,3.5,3.0,90.75,24.0,0,1,1.0,0.0,0.5,,0.0,,,1053.3783783783783,2024-07-21,,163,5.4
A-993085,Company_258,HealthTech,US,2023-06-01,ads,Basic,31,1,0,48456.0,3230.4,9751.0,15,2,2,7,8,2023-08-05,2024-10-22,0,0.4666666666666667,70,60.00416666666667,51.43214285714286,50,33,7,71.42857142857143,0.1,4,3.5,3.0,82.0,46.5,0,0,1.0,0.0,0.25,features,0.0,False,2024-01-21,1563.0967741935483,2023-06-01,2024-01-21,234,7.7
A-92a3af,Company_259,Cybersecurity,IN,2024-07-07,organic,Enterprise,25,0,0,34538.0,3139.818181818182,6965.0,11,0,2,5,6,2024-07-23,2024-11-24,-2,0.45454545454545453,67,60.60805555555555,54.27587064676617,55,35,8,82.08955223880598,0.11940298507462686,4,4.0,3.0,39.0,57.5,1,0,1.0,25.0,0.25,,0.0,,,1381.52,2024-07-07,,177,5.8
A-151c9a,Company_260,FinTech,US,2023-01-27,ads,Enterprise,23,0,0,14250.0,2850.0,4577.0,5,0,1,2,3,2023-05-08,2024-06-26,-1,0.4,34,33.585277777777776,59.26813725490196,14,28,1,41.17647058823529,0.029411764705882353,2,3.5,3.0,156.5,31.0,0,0,1.0,0.0,0.5,support,35.6,False,2023-11-04,619.5652173913044,2023-01-27,2023-11-04,281,9.2
A-474ad4,Company_261,EdTech,US,2023-11-28,organic,Basic,8,0,0,12125.0,808.3333333333334,4776.0,15,1,1,8,7,2023-12-04,2024-12-29,0,0.5333333333333333,64,50.93194444444445,47.748697916666664,45,34,6,70.3125,0.09375,3,5.0,5.0,50.666666666666664,33.0,1,1,0.0,33.33333333333333,0.3333333333333333,,0.0,,,1515.625,2023-11-28,,399,13.1
A-4ef964,Company_262,HealthTech,US,2024-03-07,organic,Pro,17,0,0,14279.0,1586.5555555555557,3430.0,9,0,0,3,6,2024-04-01,2024-11-15,0,0.3333333333333333,49,41.850833333333334,51.24591836734694,33,31,6,67.3469387755102,0.12244897959183673,3,4.0,3.0,86.33333333333333,42.666666666666664,0,0,1.0,0.0,0.3333333333333333,budget,0.0,False,2024-06-19,839.9411764705883,2024-03-07,2024-06-19,104,3.4
A-fd9422,Company_263,Cybersecurity,US,2024-04-04,organic,Pro,58,0,0,28130.0,3125.5555555555557,11542.0,9,1,1,5,4,2024-05-08,2024-12-20,0,0.5555555555555556,44,39.80916666666667,54.285227272727276,21,27,5,47.72727272727273,0.11363636363636363,6,3.5,3.0,116.83333333333333,44.333333333333336,1,2,1.0,16.666666666666664,0.5,,0.0,,,485.0,2024-04-04,,271,8.9
A-0baac2,Company_264,FinTech,DE,2024-05-30,organic,Enterprise,14,0,1,18500.0,3083.3333333333335,6169.0,6,0,0,4,2,2024-06-02,2024-12-11,0,0.6666666666666666,21,20.3225,58.06428571428571,9,19,0,42.857142857142854,0.0,6,4.333333333333333,3.0,89.0,43.5,0,1,3.0,0.0,0.6666666666666666,unknown,99.38000000000001,False,2024-12-24,1321.4285714285713,2024-05-30,2024-12-24,208,6.8
A-bb1486,Company_265,HealthTech,US,2024-11-05,organic,Basic,41,0,0,16307.0,2038.375,3381.0,8,0,2,4,4,2024-11-13,2024-12-25,-2,0.5,42,33.040277777777774,47.20039682539683,36,24,5,85.71428571428571,0.11904761904761904,3,3.0,3.0,78.0,11.0,0,0,2.0,0.0,0.6666666666666666,budget,0.0,True,2024-11-21,397.7317073170732,2024-11-05,2024-11-21,16,0.5
A-560d27,Company_266,DevTools,US,2024-05-05,organic,Pro,23,0,0,41641.0,3470.0833333333335,14129.0,12,1,0,6,6,2024-05-31,2024-12-17,1,0.5,59,51.56,52.433898305084746,38,27,6,64.40677966101694,0.1016949152542373,4,3.6666666666666665,3.0,59.75,30.75,0,0,0.0,0.0,0.0,,0.0,,,1810.4782608695652,2024-05-05,,240,7.9
A-0b0d6d,Company_267,DevTools,US,2024-12-30,organic,Pro,3,0,0,33491.0,2576.230769230769,10348.0,13,1,0,7,6,2024-12-30,2024-12-31,1,0.5384615384615384,62,45.11416666666667,43.65887096774193,48,32,9,77.41935483870968,0.14516129032258066,5,4.0,3.0,90.4,31.4,1,1,2.0,20.0,0.6,competitor,0.0,False,2024-12-31,11163.666666666666,2024-12-30,2024-12-31,1,0.0
A-2789e3,Company_268,FinTech,US,2024-09-14,partner,Enterprise,11,0,0,24489.0,2040.75,12139.0,12,1,1,6,6,2024-09-18,2024-12-14,0,0.5,65,57.18805555555556,52.78897435897436,45,33,6,69.23076923076923,0.09230769230769231,4,4.0,4.0,83.25,47.25,0,0,0.0,0.0,0.0,,0.0,,,2226.2727272727275,2024-09-14,,108,3.5
A-b07346,Company_269,HealthTech,US,2024-10-10,partner,Pro,51,0,1,31416.0,6283.2,10149.0,5,1,0,4,1,2024-11-06,2024-12-28,1,0.8,33,29.70638888888889,54.01161616161616,22,23,4,66.66666666666666,0.12121212121212122,3,3.5,3.0,76.66666666666667,42.333333333333336,0,1,1.0,0.0,0.6666666666666666,budget,0.0,False,2024-11-12,616.0,2024-10-10,2024-11-12,33,1.1
A-902ef7,Company_270,HealthTech,US,2024-09-03,other,Enterprise,83,0,1,44322.0,5540.25,16517.0,8,2,0,6,2,2024-09-05,2024-12-25,2,0.75,40,40.52166666666667,60.7825,24,31,5,60.0,0.125,2,4.0,4.0,85.0,48.5,0,2,0.0,0.0,1.0,pricing,0.0,False,2024-09-26,534.0,2024-09-03,2024-09-26,23,0.8
A-20736a,Company_271,EdTech,IN,2024-03-16,organic,Enterprise,50,0,0,40525.0,5789.285714285715,12736.0,7,1,1,3,4,2024-05-09,2024-11-23,0,0.42857142857142855,42,30.113333333333333,43.01904761904762,22,22,5,52.38095238095239,0.11904761904761904,4,3.75,3.0,78.25,42.25,0,1,2.0,0.0,0.75,competitor,64.98,False,2024-03-19,810.5,2024-03-16,2024-03-19,3,0.1
A-e4bf56,Company_272,HealthTech,IN,2024-10-28,ads,Pro,17,0,1,18926.0,2703.714285714286,7363.0,7,0,1,1,6,2024-11-17,2024-12-25,-1,0.14285714285714285,33,32.08,58.32727272727273,10,25,1,30.303030303030305,0.030303030303030304,8,3.6666666666666665,3.0,111.5,29.125,0,5,1.0,0.0,0.75,,0.0,,,1113.2941176470588,2024-10-28,,64,2.1
A-cea1f0,Company_273,FinTech,US,2024-04-07,event,Pro,8,0,1,12244.0,1224.4,4378.0,10,1,1,8,2,2024-06-01,2024-12-27,0,0.8,56,44.77444444444444,47.97261904761904,28,28,9,50.0,0.16071428571428573,5,4.333333333333333,4.0,107.4,42.2,0,2,1.0,0.0,0.6,,0.0,,,1530.5,2024-04-07,,268,8.8
A-ef84cf,Company_274,EdTech,US,2024-03-01,partner,Enterprise,8,0,0,7507.0,1501.4,6766.0,5,0,1,3,2,2024-03-12,2024-08-08,-1,0.6,28,27.894444444444446,59.773809523809526,11,21,3,39.285714285714285,0.10714285714285714,5,4.333333333333333,4.0,79.4,34.8,1,2,0.0,20.0,0.4,support,18.81,True,2024-11-20,938.375,2024-03-01,2024-11-20,264,8.7
A-d49cc5,Company_275,Cybersecurity,FR,2023-09-19,event,Basic,50,0,0,13325.0,1665.625,3675.0,8,0,0,4,4,2024-02-13,2024-12-10,0,0.5,41,39.70361111111111,58.10284552845528,34,27,5,82.92682926829268,0.12195121951219512,4,4.5,4.0,55.25,32.0,0,2,0.0,0.0,0.5,competitor,0.0,False,2024-04-12,266.5,2023-09-19,2024-04-12,206,6.8
A-67be94,Company_276,EdTech,US,2023-04-04,organic,Enterprise,26,0,0,21930.0,3132.8571428571427,10348.0,7,1,0,2,5,2023-08-29,2024-12-18,1,0.2857142857142857,42,35.3325,50.475,17,26,3,40.476190476190474,0.07142857142857142,5,4.0,3.0,51.0,38.6,0,1,4.0,0.0,1.0,competitor,88.27,False,2024-06-30,843.4615384615385,2023-04-04,2024-06-30,453,14.9
A-4e960a,Company_277,FinTech,US,2024-01-17,other,Enterprise,12,1,1,23942.0,1995.1666666666667,14129.0,12,0,1,5,7,2024-02-07,2024-12-08,-1,0.4166666666666667,49,42.761944444444445,52.361564625850335,21,29,5,42.857142857142854,0.10204081632653061,6,4.0,3.0,83.16666666666667,29.166666666666668,0,3,0.0,0.0,0.5,,0.0,,,1995.1666666666667,2024-01-17,,349,11.5
A-c37cab,Company_278,Cybersecurity,UK,2024-07-29,event,Pro,13,0,0,29433.0,2452.75,19502.0,12,1,1,4,8,2024-07-30,2024-12-17,0,0.3333333333333333,70,56.47472222222222,48.40690476190476,40,32,14,57.14285714285714,0.2,4,3.75,3.0,101.25,33.0,1,0,2.0,25.0,0.5,pricing,4.03,False,2024-10-27,2264.076923076923,2024-07-29,2024-10-27,90,3.0
A-533452,Company_279,DevTools,AU,2024-11-12,organic,Pro,9,0,0,20664.0,1878.5454545454545,5174.0,11,1,2,5,6,2024-11-21,2024-12-25,-1,0.45454545454545453,63,47.97944444444445,45.694708994708996,44,32,10,69.84126984126983,0.15873015873015872,4,4.0,3.0,35.5,32.75,0,1,1.0,0.0,0.5,features,147.54999999999998,True,2024-11-19,2296.0,2024-11-12,2024-11-19,7,0.2
A-443b7c,Company_280,Cybersecurity,US,2024-09-06,other,Enterprise,1,0,1,24062.0,1503.875,13930.0,16,4,0,6,10,2024-09-16,2024-12-29,4,0.375,63,54.1775,51.59761904761904,29,28,8,46.03174603174603,0.12698412698412698,8,4.4,3.0,49.0,29.25,0,4,2.0,0.0,0.75,,0.0,,,24062.0,2024-09-06,,116,3.8
A-1f7acb,Company_281,FinTech,UK,2023-08-06,ads,Basic,64,1,0,46912.0,5864.0,12736.0,8,1,3,5,3,2023-09-01,2024-09-22,-2,0.625,53,45.574444444444445,51.593710691823894,47,26,7,88.67924528301887,0.1320754716981132,7,4.4,3.0,129.57142857142858,41.714285714285715,0,1,3.0,0.0,0.5714285714285714,,0.0,,,733.0,2023-08-06,,513,16.9
A-f51f16,Company_282,HealthTech,US,2023-12-25,partner,Enterprise,1,0,0,13310.0,1663.75,7761.0,8,2,0,5,3,2024-02-18,2024-08-27,2,0.625,37,40.58138888888889,65.80765765765766,28,25,3,75.67567567567568,0.08108108108108109,4,3.0,3.0,91.0,29.25,0,2,1.0,0.0,0.75,competitor,0.0,False,2024-12-07,13310.0,2023-12-25,2024-12-07,348,11.4
A-5a3eb9,Company_283,DevTools,CA,2023-08-20,other,Enterprise,18,1,0,20293.0,1561.0,3582.0,13,0,2,11,2,2023-09-20,2024-12-10,-2,0.8461538461538461,69,60.24444444444445,52.38647342995169,34,34,7,49.275362318840585,0.10144927536231885,3,3.981276595744681,,83.0,24.0,0,1,1.0,0.0,0.6666666666666666,pricing,58.37,False,2024-04-28,1127.388888888889,2023-08-20,2024-04-28,252,8.3
A-5f2961,Company_284,HealthTech,US,2024-11-22,partner,Basic,4,0,0,10299.0,1471.2857142857142,3184.0,7,0,0,4,3,2024-11-27,2024-12-23,0,0.5714285714285714,36,28.6175,47.69583333333333,19,22,2,52.77777777777778,0.05555555555555555,1,3.981276595744681,,19.0,53.0,0,0,1.0,0.0,1.0,pricing,6.6,False,2024-11-28,2574.75,2024-11-22,2024-11-28,6,0.2
A-417d2f,Company_285,Cybersecurity,IN,2023-07-04,partner,Pro,4,1,0,22933.0,1433.3125,10149.0,16,1,0,8,8,2023-07-04,2024-12-28,1,0.5,71,57.33361111111111,48.45093896713615,31,37,8,43.66197183098591,0.11267605633802817,6,4.333333333333333,4.0,80.5,43.5,0,2,2.0,0.0,0.6666666666666666,budget,0.0,False,2024-12-30,5733.25,2023-07-04,2024-12-30,545,17.9
A-e98302,Company_286,EdTech,US,2023-12-26,ads,Enterprise,16,1,0,12567.0,2094.5,6766.0,6,0,0,6,0,2024-01-21,2024-12-23,0,1.0,30,24.653055555555557,49.306111111111115,18,21,3,60.0,0.1,9,4.142857142857143,4.0,99.44444444444444,44.44444444444444,0,3,2.0,0.0,0.5555555555555556,,0.0,,,785.4375,2023-12-26,,371,12.2
A-8bde0c,Company_287,DevTools,US,2024-11-04,organic,Basic,12,0,0,34198.0,1899.888888888889,5572.0,18,2,0,8,10,2024-11-04,2024-12-28,2,0.4444444444444444,80,66.91888888888889,50.189166666666665,43,34,6,53.75,0.075,3,4.0,4.0,86.33333333333333,25.666666666666668,0,0,1.0,0.0,0.3333333333333333,features,0.0,False,2024-11-28,2849.8333333333335,2024-11-04,2024-11-28,24,0.8
A-bcf87c,Company_288,FinTech,US,2024-06-27,event,Pro,10,0,1,21770.0,1979.090909090909,6169.0,11,0,1,5,6,2024-07-22,2024-12-13,-1,0.45454545454545453,54,40.99722222222222,45.55246913580247,19,26,7,35.18518518518518,0.12962962962962962,2,4.0,3.0,49.5,63.0,0,0,0.0,0.0,0.0,,0.0,,,2177.0,2024-06-27,,187,6.1
A-54ecc2,Company_289,Cybersecurity,US,2023-06-11,partner,Enterprise,4,0,0,16168.0,1469.8181818181818,5970.0,11,0,1,5,6,2023-08-16,2024-10-30,-1,0.45454545454545453,56,50.971666666666664,54.6125,39,28,6,69.64285714285714,0.10714285714285714,5,5.0,5.0,72.0,37.4,0,0,2.0,0.0,0.4,unknown,0.0,False,2024-09-12,4042.0,2023-06-11,2024-09-12,459,15.1
A-625d0b,Company_290,EdTech,AU,2024-09-02,ads,Basic,9,0,0,11893.0,1081.1818181818182,2058.0,11,0,0,5,6,2024-09-25,2024-12-29,0,0.45454545454545453,54,39.3025,43.669444444444444,38,32,6,70.37037037037037,0.1111111111111111,5,3.0,3.0,72.4,48.4,0,2,1.0,0.0,0.6,,0.0,,,1321.4444444444443,2024-09-02,,120,3.9
A-fce879,Company_291,EdTech,UK,2024-09-24,partner,Pro,10,1,1,6797.0,1359.4,3781.0,5,0,1,3,2,2024-09-28,2024-12-13,-1,0.6,27,27.427777777777777,60.95061728395061,14,25,1,51.85185185185185,0.037037037037037035,2,4.0,3.0,61.5,28.0,0,1,0.0,0.0,0.5,features,0.0,False,2024-12-03,679.7,2024-09-24,2024-12-03,70,2.3
A-b07b56,Company_292,DevTools,US,2024-11-08,event,Pro,25,0,1,16984.0,1132.2666666666667,4975.0,15,0,0,7,8,2024-11-16,2024-12-21,0,0.4666666666666667,64,51.51722222222222,48.29739583333333,39,32,9,60.9375,0.140625,4,3.0,3.0,93.75,31.25,0,2,2.0,0.0,1.0,budget,0.0,False,2024-12-24,679.36,2024-11-08,2024-12-24,46,1.5
A-6da850,Company_293,FinTech,IN,2023-10-07,organic,Pro,5,0,0,18559.0,1159.9375,7363.0,16,3,1,7,9,2023-10-08,2024-12-31,2,0.4375,70,51.769444444444446,44.37380952380953,54,30,8,77.14285714285715,0.11428571428571428,5,4.0,4.0,76.4,49.0,0,1,1.0,0.0,0.4,competitor,0.0,False,2024-10-25,3711.8,2023-10-07,2024-10-25,384,12.6
A-342303,Company_294,EdTech,US,2024-03-16,other,Pro,1,1,0,1695.0,565.0,1372.0,3,0,0,2,1,2024-05-03,2024-11-30,0,0.6666666666666666,15,6.4302777777777775,25.72111111111111,5,12,1,33.33333333333333,0.06666666666666667,3,4.5,4.0,71.33333333333333,29.333333333333332,0,0,2.0,0.0,0.6666666666666666,features,0.0,False,2024-03-20,1695.0,2024-03-16,2024-03-20,4,0.1
A-e7a1e2,Company_295,Cybersecurity,US,2024-06-23,event,Enterprise,3,0,0,20042.0,1670.1666666666667,8756.0,12,0,0,7,5,2024-07-19,2024-12-29,0,0.5833333333333334,68,61.36888888888889,54.14901960784314,36,36,3,52.94117647058824,0.04411764705882353,1,4.0,4.0,37.0,45.0,0,0,0.0,0.0,0.0,support,6.2,True,2024-09-08,6680.666666666667,2024-06-23,2024-09-08,77,2.5
A-f1f639,Company_296,EdTech,US,2023-02-26,ads,Basic,2,0,0,2919.0,729.75,1791.0,4,1,0,0,4,2023-07-03,2024-09-19,1,0.0,14,11.971388888888889,51.30595238095238,10,12,4,71.42857142857143,0.2857142857142857,7,4.8,4.0,67.57142857142857,20.0,0,1,3.0,0.0,0.5714285714285714,budget,0.0,True,2024-04-07,1459.5,2023-02-26,2024-04-07,406,13.3
A-a865bd,Company_297,Cybersecurity,US,2023-09-19,organic,Pro,38,0,0,21022.0,4204.4,7562.0,5,0,0,2,3,2024-01-17,2024-09-19,0,0.4,24,16.7,41.75,13,19,3,54.166666666666664,0.125,2,3.0,3.0,21.5,31.5,0,1,0.0,0.0,0.5,unknown,0.0,False,2024-03-18,553.2105263157895,2023-09-19,2024-03-18,181,5.9
A-4e631b,Company_298,FinTech,US,2024-03-16,other,Enterprise,22,0,0,24398.0,2218.0,7960.0,11,1,1,5,6,2024-03-18,2024-12-10,0,0.45454545454545453,49,42.96333333333333,52.60816326530612,29,32,4,59.183673469387756,0.08163265306122448,2,4.0,4.0,52.0,24.5,0,1,0.0,0.0,0.5,,0.0,,,1109.0,2024-03-16,,290,9.5
A-7f6b86,Company_299,HealthTech,US,2023-08-24,partner,Basic,45,1,1,19402.0,2155.777777777778,11741.0,9,3,0,7,2,2023-08-30,2024-12-06,3,0.7777777777777778,41,40.06916666666667,58.63780487804878,14,27,3,34.146341463414636,0.07317073170731707,7,3.6666666666666665,3.0,96.57142857142857,40.42857142857143,0,1,5.0,0.0,0.8571428571428571,pricing,5.27,False,2024-07-10,431.15555555555557,2023-08-24,2024-07-10,321,10.5
A-8adedc,Company_300,EdTech,US,2024-02-11,event,Basic,4,1,1,28328.0,2023.4285714285713,11343.0,14,0,0,9,5,2024-02-22,2024-09-07,0,0.6428571428571429,61,46.110277777777775,45.35437158469946,33,32,5,54.09836065573771,0.08196721311475409,4,4.0,4.0,56.75,49.25,0,0,1.0,0.0,0.25,,0.0,,,7082.0,2024-02-11,,324,10.6
A-2edab2,Company_301,HealthTech,US,2023-11-17,event,Enterprise,17,0,0,11390.0,1139.0,3383.0,10,1,0,5,5,2023-11-22,2024-12-15,1,0.5,47,44.66777777777778,57.02269503546099,26,28,5,55.319148936170215,0.10638297872340426,4,3.0,3.0,102.25,30.0,0,0,1.0,0.0,0.25,unknown,168.73,False,2023-12-21,670.0,2023-11-17,2023-12-21,34,1.1
A-149a69,Company_302,DevTools,US,2024-10-17,event,Basic,34,0,0,8058.0,2686.0,6766.0,3,0,0,1,2,2024-12-05,2024-12-19,0,0.3333333333333333,18,16.63722222222222,55.45740740740741,9,18,1,50.0,0.05555555555555555,8,4.2,3.0,120.875,33.875,0,3,2.0,0.0,0.625,pricing,0.0,False,2024-12-04,237.0,2024-10-17,2024-12-04,48,1.6
A-a6d261,Company_303,FinTech,CA,2023-11-29,other,Pro,9,0,0,38191.0,2727.9285714285716,20497.0,14,3,0,6,8,2023-12-13,2024-11-19,3,0.42857142857142855,63,52.56527777777778,50.06216931216931,29,36,6,46.03174603174603,0.09523809523809523,4,4.666666666666667,4.0,63.25,40.0,1,0,1.0,25.0,0.25,unknown,99.94,False,2024-03-10,4243.444444444444,2023-11-29,2024-03-10,102,3.4
A-443f6f,Company_304,Cybersecurity,US,2024-12-07,organic,Basic,19,0,0,13594.0,1510.4444444444443,3781.0,9,1,0,5,4,2024-12-08,2024-12-26,1,0.5555555555555556,56,43.930277777777775,47.068154761904765,28,31,4,50.0,0.07142857142857142,4,4.666666666666667,4.0,122.25,28.0,0,1,1.0,0.0,0.5,,0.0,,,715.4736842105264,2024-12-07,,24,0.8
A-202b67,Company_305,HealthTech,US,2024-03-22,organic,Pro,11,0,0,18168.0,2018.6666666666667,5771.0,9,1,0,3,6,2024-03-27,2024-10-09,1,0.3333333333333333,46,30.698333333333334,40.041304347826085,40,29,5,86.95652173913044,0.10869565217391304,4,4.666666666666667,4.0,90.5,36.75,0,2,1.0,0.0,0.75,pricing,78.87,False,2024-09-14,1651.6363636363637,2024-03-22,2024-09-14,176,5.8
A-00bed1,Company_306,Cybersecurity,US,2023-11-14,ads,Basic,28,1,0,33506.0,3350.6,9751.0,10,3,0,6,4,2023-11-16,2024-09-01,3,0.6,51,39.92611111111111,46.9718954248366,27,32,2,52.94117647058824,0.0392156862745098,4,4.0,4.0,106.25,31.75,0,2,2.0,0.0,1.0,unknown,21.17,False,2024-01-03,1196.642857142857,2023-11-14,2024-01-03,50,1.6
A-ffc04f,Company_307,EdTech,US,2024-06-06,ads,Pro,13,0,0,20039.0,1335.9333333333334,3781.0,15,0,1,5,10,2024-06-08,2024-12-28,-1,0.3333333333333333,86,77.04083333333334,53.74941860465116,64,37,7,74.4186046511628,0.08139534883720931,7,4.5,4.0,58.57142857142857,17.714285714285715,1,1,2.0,14.285714285714285,0.42857142857142855,unknown,0.0,False,2024-08-03,1541.4615384615386,2024-06-06,2024-08-03,58,1.9
A-65c341,Company_308,FinTech,US,2023-12-26,ads,Pro,11,1,0,30546.0,3818.25,16716.0,8,0,0,5,3,2024-02-15,2024-11-15,0,0.625,38,40.852222222222224,64.50350877192983,18,25,4,47.368421052631575,0.10526315789473684,5,4.0,4.0,87.8,41.4,0,1,3.0,0.0,0.8,unknown,0.0,False,2024-12-16,2776.909090909091,2023-12-26,2024-12-16,356,11.7
A-dcc2f0,Company_309,FinTech,UK,2023-07-22,organic,Basic,15,0,0,17493.0,1166.2,3184.0,15,2,0,9,6,2023-10-02,2024-11-30,2,0.6,76,67.69416666666666,53.44276315789474,26,35,8,34.21052631578947,0.10526315789473684,2,3.981276595744681,,100.0,27.0,0,1,0.0,0.0,0.5,features,0.0,False,2024-04-10,1166.2,2023-07-22,2024-04-10,263,8.6
A-ced9aa,Company_310,DevTools,US,2024-10-05,other,Enterprise,3,0,0,6252.0,568.3636363636364,1194.0,11,0,0,6,5,2024-10-11,2024-12-31,0,0.5454545454545454,55,46.38055555555555,50.5969696969697,39,33,5,70.9090909090909,0.09090909090909091,7,3.0,3.0,102.85714285714286,28.857142857142858,0,1,1.0,0.0,0.2857142857142857,,0.0,,,2084.0,2024-10-05,,87,2.9
A-3d957b,Company_311,HealthTech,UK,2024-04-04,other,Pro,14,0,0,11852.0,1975.3333333333333,2786.0,6,3,0,1,5,2024-07-15,2024-10-16,3,0.16666666666666666,15,12.13861111111111,48.55444444444445,13,13,3,86.66666666666667,0.2,3,3.0,3.0,79.33333333333333,41.333333333333336,0,1,2.0,0.0,1.0,budget,0.0,False,2024-05-05,846.5714285714286,2024-04-04,2024-05-05,31,1.0
A-89ee83,Company_312,Cybersecurity,US,2024-10-04,organic,Pro,1,0,1,24907.0,2264.2727272727275,7960.0,11,3,0,4,7,2024-10-18,2024-12-27,3,0.36363636363636365,59,47.95166666666667,48.764406779661016,26,28,6,44.06779661016949,0.1016949152542373,5,4.0,4.0,66.2,21.8,1,2,0.0,20.0,0.4,,0.0,,,24907.0,2024-10-04,,88,2.9
A-883b7d,Company_313,Cybersecurity,IN,2024-03-28,other,Basic,17,0,0,30524.0,2543.6666666666665,9950.0,12,0,0,8,4,2024-04-21,2024-08-22,0,0.6666666666666666,66,52.64277777777778,47.85707070707071,40,35,7,60.60606060606061,0.10606060606060606,7,3.6,3.0,62.285714285714285,25.571428571428573,1,4,1.0,14.285714285714285,0.7142857142857143,,0.0,,,1795.5294117647059,2024-03-28,,278,9.1
A-dcc3f1,Company_314,HealthTech,US,2023-12-27,event,Pro,21,0,0,12747.0,1593.375,4378.0,8,0,1,4,4,2023-12-27,2024-11-20,-1,0.5,48,38.321666666666665,47.90208333333333,32,31,6,66.66666666666666,0.125,9,3.8,3.0,83.44444444444444,35.666666666666664,0,3,3.0,0.0,0.6666666666666666,features,0.0,False,2024-10-10,607.0,2023-12-27,2024-10-10,288,9.5
A-c62e55,Company_315,EdTech,US,2023-02-08,partner,Basic,1,1,0,11902.0,1322.4444444444443,2985.0,9,1,0,6,3,2023-11-15,2024-12-31,1,0.6666666666666666,32,24.179166666666667,45.3359375,13,24,6,40.625,0.1875,4,4.0,3.0,101.25,27.5,0,2,0.0,0.0,0.5,,0.0,,,11902.0,2023-02-08,,692,22.7
A-e4144b,Company_316,EdTech,UK,2024-10-22,other,Pro,41,0,0,35424.0,3542.4,8159.0,10,1,0,7,3,2024-11-10,2024-12-22,1,0.7,43,37.054722222222225,51.70426356589147,21,26,5,48.837209302325576,0.11627906976744186,3,4.0,4.0,172.33333333333334,57.0,0,1,1.0,0.0,0.6666666666666666,,0.0,,,864.0,2024-10-22,,70,2.3
A-e40f45,Company_317,HealthTech,US,2024-04-18,organic,Pro,21,0,0,11825.0,1689.2857142857142,4179.0,7,3,0,2,5,2024-05-15,2024-11-24,3,0.2857142857142857,45,34.153888888888886,45.53851851851852,26,29,5,57.77777777777777,0.1111111111111111,7,4.333333333333333,3.0,96.28571428571429,26.714285714285715,0,2,2.0,0.0,0.5714285714285714,budget,101.23,False,2024-11-09,563.0952380952381,2024-04-18,2024-11-09,205,6.7
A-96215d,Company_318,FinTech,US,2024-08-08,event,Enterprise,10,0,0,10312.0,1718.6666666666667,3184.0,6,1,0,3,3,2024-08-17,2024-11-04,1,0.5,32,29.011666666666667,54.396875,21,20,5,65.625,0.15625,1,3.0,3.0,115.0,25.0,0,1,0.0,0.0,1.0,,0.0,,,1031.2,2024-08-08,,145,4.8
A-2b9d3e,Company_319,EdTech,US,2023-06-04,partner,Enterprise,1,0,0,5142.0,571.3333333333334,1421.0,9,1,0,5,4,2023-09-06,2024-12-26,1,0.5555555555555556,45,39.60805555555555,52.81074074074074,19,26,5,42.22222222222222,0.1111111111111111,3,5.0,5.0,79.33333333333333,34.666666666666664,0,1,1.0,0.0,0.6666666666666666,,0.0,,,5142.0,2023-06-04,,576,18.9
A-b7724f,Company_320,HealthTech,UK,2023-03-28,organic,Basic,1,0,0,3222.0,402.75,1349.0,8,0,0,3,5,2023-06-03,2024-12-27,0,0.375,38,25.903055555555557,40.89956140350877,16,28,2,42.10526315789473,0.05263157894736842,3,3.0,3.0,92.0,28.666666666666668,0,1,0.0,0.0,0.3333333333333333,competitor,242.55,True,2024-09-01,3222.0,2023-03-28,2024-09-01,523,17.2
A-310452,Company_321,DevTools,FR,2024-12-25,other,Enterprise,9,0,0,11003.0,2200.6,9950.0,5,0,0,4,1,2024-12-26,2024-12-29,0,0.8,25,18.216944444444444,43.720666666666666,16,20,4,64.0,0.16,5,3.6,3.0,113.6,34.2,0,1,0.0,0.0,0.2,budget,0.0,False,2024-12-25,1222.5555555555557,2024-12-25,2024-12-25,1,0.0
A-eb1312,Company_322,FinTech,US,2024-09-16,partner,Pro,25,0,0,18147.0,1512.25,4975.0,12,1,0,5,7,2024-09-18,2024-12-28,1,0.4166666666666667,65,52.235277777777775,48.217179487179486,38,31,4,58.46153846153847,0.06153846153846154,1,5.0,5.0,117.0,68.0,0,0,0.0,0.0,0.0,unknown,0.0,False,2024-09-28,725.88,2024-09-16,2024-09-28,12,0.4
A-df1e44,Company_323,Cybersecurity,UK,2024-02-23,organic,Enterprise,12,0,0,13107.0,1191.5454545454545,3087.0,11,1,1,6,5,2024-03-08,2024-12-18,0,0.5454545454545454,42,34.00888888888889,48.58412698412699,14,25,5,33.33333333333333,0.11904761904761904,2,5.0,5.0,109.5,53.0,0,0,1.0,0.0,0.5,budget,0.0,False,2024-11-20,1092.25,2024-02-23,2024-11-20,271,8.9
A-6a7c9d,Company_324,Cybersecurity,US,2024-10-24,organic,Enterprise,26,0,1,13028.0,2605.6,5174.0,5,0,0,2,3,2024-11-12,2024-12-26,0,0.4,19,18.057222222222222,57.02280701754386,6,15,1,31.57894736842105,0.05263157894736842,3,4.0,3.0,60.0,34.333333333333336,0,0,2.0,0.0,0.6666666666666666,support,178.84,False,2024-11-21,501.0769230769231,2024-10-24,2024-11-21,28,0.9
A-cbd1a3,Company_325,DevTools,US,2024-11-25,other,Basic,6,0,1,16351.0,1635.1,5572.0,10,2,0,5,5,2024-11-26,2024-12-29,2,0.5,45,35.780277777777776,47.70703703703704,32,29,3,71.11111111111111,0.06666666666666667,4,4.0,4.0,81.75,34.5,0,1,0.0,0.0,0.25,,0.0,,,2725.1666666666665,2024-11-25,,36,1.2
A-a8d89d,Company_326,EdTech,US,2023-12-08,ads,Pro,13,0,0,29320.0,2443.3333333333335,15522.0,12,2,0,4,8,2023-12-12,2024-12-05,2,0.3333333333333333,54,47.49055555555555,52.76728395061728,26,32,5,48.148148148148145,0.09259259259259259,2,5.0,5.0,139.0,44.5,0,0,0.0,0.0,0.0,features,0.0,False,2024-01-18,2255.3846153846152,2023-12-08,2024-01-18,41,1.3
A-600734,Company_327,DevTools,US,2023-11-14,organic,Pro,29,1,1,18132.0,1394.7692307692307,5771.0,13,2,0,6,7,2024-01-13,2024-11-06,2,0.46153846153846156,69,52.79888888888889,45.91207729468599,30,33,11,43.47826086956522,0.15942028985507245,7,3.6666666666666665,3.0,89.42857142857143,52.57142857142857,1,3,2.0,14.285714285714285,0.7142857142857143,,0.0,,,625.2413793103449,2023-11-14,,413,13.6
A-86fc1d,Company_328,DevTools,UK,2024-07-26,partner,Basic,26,0,0,15181.0,1686.7777777777778,5572.0,9,3,0,1,8,2024-08-08,2024-12-31,3,0.1111111111111111,37,30.863333333333333,50.048648648648644,26,26,3,70.27027027027027,0.08108108108108109,5,4.0,3.0,59.2,27.0,0,3,2.0,0.0,1.0,support,0.0,False,2024-08-12,583.8846153846154,2024-07-26,2024-08-12,17,0.6
A-78f02b,Company_329,HealthTech,US,2024-11-17,event,Enterprise,11,0,0,15081.0,3770.25,8771.0,4,1,0,3,1,2024-11-19,2024-12-08,1,0.75,20,17.319166666666668,51.957499999999996,16,17,3,80.0,0.15,4,4.0,3.0,55.0,45.75,0,0,1.0,0.0,0.25,unknown,0.0,False,2024-12-02,1371.0,2024-11-17,2024-12-02,15,0.5
A-acb7f7,Company_330,EdTech,US,2024-01-06,ads,Basic,32,0,0,32574.0,2714.5,6368.0,12,2,1,5,7,2024-01-07,2024-12-28,1,0.4166666666666667,62,49.06333333333333,47.480645161290326,36,33,10,58.06451612903226,0.16129032258064516,3,3.5,3.0,91.0,41.0,0,1,0.0,0.0,0.3333333333333333,competitor,0.0,False,2024-03-21,1017.9375,2024-01-06,2024-03-21,75,2.5
A-712f1c,Company_331,DevTools,US,2023-12-16,ads,Basic,17,0,1,42999.0,3583.25,14925.0,12,2,0,6,6,2024-01-03,2024-12-11,2,0.5,68,50.361666666666665,44.43676470588235,34,32,5,50.0,0.07352941176470588,6,4.0,3.0,88.83333333333333,41.666666666666664,0,2,1.0,0.0,0.5,budget,68.99,False,2024-10-24,2529.3529411764707,2023-12-16,2024-10-24,313,10.3
A-3793ee,Company_332,Cybersecurity,CA,2023-03-21,organic,Enterprise,49,1,0,26705.0,3815.0,9751.0,7,1,1,2,5,2023-11-20,2024-10-23,0,0.2857142857142857,38,27.05027777777778,42.7109649122807,11,25,1,28.947368421052634,0.02631578947368421,4,4.0,4.0,100.25,43.75,0,0,1.0,0.0,0.25,unknown,0.0,False,2023-06-16,545.0,2023-03-21,2023-06-16,87,2.9
A-9a532a,Company_333,HealthTech,US,2024-07-06,partner,Enterprise,11,0,0,10945.0,2736.25,6567.0,4,0,0,1,3,2024-08-28,2024-10-18,0,0.25,18,20.99861111111111,69.99537037037038,15,16,4,83.33333333333334,0.2222222222222222,2,3.981276595744681,,128.5,57.5,0,0,1.0,0.0,0.5,,0.0,,,995.0,2024-07-06,,178,5.8
A-2ebb4b,Company_334,HealthTech,US,2023-05-15,ads,Basic,41,0,0,30688.0,3068.8,12935.0,10,1,0,3,7,2023-06-04,2024-12-10,1,0.3,50,39.861666666666665,47.833999999999996,33,27,7,66.0,0.14,2,3.0,3.0,136.5,43.5,0,0,1.0,0.0,0.5,features,0.0,True,2024-12-29,748.4878048780488,2023-05-15,2024-12-29,594,19.5
A-6843f2,Company_335,HealthTech,CA,2024-12-10,ads,Enterprise,21,0,0,16520.0,1835.5555555555557,4179.0,9,0,1,3,6,2024-12-11,2024-12-31,-1,0.3333333333333333,46,35.117777777777775,45.80579710144927,17,24,3,36.95652173913043,0.06521739130434782,2,3.0,3.0,78.0,36.5,0,0,1.0,0.0,0.5,,0.0,,,786.6666666666666,2024-12-10,,21,0.7
A-c9bb3e,Company_336,EdTech,US,2024-03-24,ads,Pro,5,0,0,15217.0,1521.7,6027.0,10,1,0,5,5,2024-04-01,2024-11-02,1,0.5,46,47.5425,62.01195652173913,20,27,2,43.47826086956522,0.043478260869565216,7,4.2,4.0,86.14285714285714,27.714285714285715,1,2,3.0,14.285714285714285,0.7142857142857143,pricing,0.0,False,2024-07-29,3043.4,2024-03-24,2024-07-29,127,4.2
A-4814a3,Company_337,Cybersecurity,IN,2024-09-17,event,Basic,87,0,1,87957.0,7996.090909090909,17313.0,11,2,1,2,9,2024-09-27,2024-12-30,1,0.18181818181818182,60,46.87972222222222,46.87972222222222,45,35,7,75.0,0.11666666666666667,4,4.0,4.0,97.0,18.75,1,2,0.0,25.0,0.5,pricing,0.0,False,2024-11-25,1011.0,2024-09-17,2024-11-25,69,2.3
A-b7b7b7,Company_338,FinTech,US,2024-06-30,event,Basic,24,0,1,28558.0,2379.8333333333335,7761.0,12,1,0,6,6,2024-07-12,2024-12-29,1,0.5,55,46.21944444444444,50.42121212121212,26,31,6,47.27272727272727,0.10909090909090909,3,5.0,5.0,99.0,17.0,0,0,0.0,0.0,0.0,,0.0,,,1189.9166666666667,2024-06-30,,184,6.0
A-ccc747,Company_339,HealthTech,FR,2024-01-12,event,Pro,16,0,1,4812.0,802.0,1813.0,6,2,0,4,2,2024-05-13,2024-11-04,2,0.6666666666666666,30,24.88388888888889,49.76777777777777,13,23,3,43.333333333333336,0.1,4,5.0,5.0,83.25,32.25,1,1,0.0,25.0,0.25,budget,104.25,False,2024-04-15,300.75,2024-01-12,2024-04-15,94,3.1
A-bb3bd4,Company_340,HealthTech,US,2024-01-27,ads,Basic,23,0,0,7452.0,1064.5714285714287,4577.0,7,2,0,5,2,2024-04-05,2024-12-17,2,0.7142857142857143,30,26.0025,52.005,11,18,1,36.666666666666664,0.03333333333333333,11,4.142857142857143,3.0,106.36363636363636,32.72727272727273,0,3,2.0,0.0,0.45454545454545453,unknown,0.0,False,2024-06-30,324.0,2024-01-27,2024-06-30,155,5.1
A-09316c,Company_341,FinTech,AU,2024-09-11,organic,Enterprise,70,0,0,70000.0,6363.636363636364,13930.0,11,2,0,6,5,2024-09-19,2024-12-29,2,0.5454545454545454,54,41.51694444444445,46.129938271604935,31,28,5,57.407407407407405,0.09259259259259259,4,3.75,3.0,106.25,54.75,1,0,1.0,25.0,0.25,unknown,0.0,False,2024-12-05,1000.0,2024-09-11,2024-12-05,85,2.8
A-96bbc6,Company_342,Cybersecurity,US,2024-05-07,organic,Enterprise,39,0,0,30426.0,3803.25,11144.0,8,3,1,5,3,2024-05-23,2024-12-25,2,0.625,49,42.44611111111111,51.974829931972785,25,30,5,51.02040816326531,0.10204081632653061,3,3.3333333333333335,3.0,67.0,51.333333333333336,0,0,1.0,0.0,0.3333333333333333,competitor,125.6,True,2024-06-24,780.1538461538462,2024-05-07,2024-06-24,48,1.6
A-bc4d48,Company_343,EdTech,US,2024-06-12,ads,Pro,35,1,0,12390.0,1770.0,6965.0,7,1,0,5,2,2024-06-26,2024-12-27,1,0.7142857142857143,32,24.830833333333334,46.5578125,9,24,1,28.125,0.03125,6,4.2,3.0,65.83333333333333,41.166666666666664,1,1,3.0,16.666666666666664,0.6666666666666666,,0.0,,,354.0,2024-06-12,,202,6.6
A-b30291,Company_344,HealthTech,US,2024-04-05,event,Basic,5,1,1,5375.0,537.5,3184.0,10,0,0,3,7,2024-04-09,2024-12-22,0,0.3,48,44.74916666666667,55.936458333333334,31,26,8,64.58333333333334,0.16666666666666666,1,3.981276595744681,,1.0,16.0,0,1,0.0,0.0,1.0,competitor,277.54,False,2024-09-03,1075.0,2024-04-05,2024-09-03,151,5.0
A-cdf020,Company_345,DevTools,AU,2023-08-16,organic,Pro,23,0,0,18072.0,2259.0,4577.0,8,2,0,4,4,2023-12-01,2024-10-09,2,0.5,40,33.20055555555555,49.80083333333334,18,25,4,45.0,0.1,4,4.0,3.0,39.25,29.5,0,1,1.0,0.0,0.5,budget,105.26,True,2023-12-08,785.7391304347826,2023-08-16,2023-12-08,114,3.7
A-e6afc1,Company_346,DevTools,US,2023-02-24,ads,Pro,1,0,0,22582.0,2052.909090909091,10149.0,11,0,0,4,7,2023-05-24,2024-12-18,0,0.36363636363636365,71,54.524166666666666,46.07676056338028,30,32,6,42.25352112676056,0.08450704225352113,0,3.981276595744681,,88.48,35.861,0,0,,0.0,0.0,,0.0,,,22582.0,2023-02-24,,676,22.2
A-e3bd71,Company_347,Cybersecurity,US,2023-03-25,partner,Basic,31,0,0,41630.0,3784.5454545454545,6169.0,11,1,1,5,6,2023-04-03,2024-12-07,0,0.45454545454545453,61,51.95111111111111,51.09945355191257,27,32,3,44.26229508196721,0.04918032786885246,4,4.0,3.0,119.0,30.25,0,1,1.0,0.0,0.5,support,0.0,False,2023-12-30,1342.9032258064517,2023-03-25,2023-12-30,280,9.2
A-b179bf,Company_348,Cybersecurity,IN,2024-10-27,ads,Basic,43,0,0,17931.0,3586.2,8557.0,5,0,0,3,2,2024-10-27,2024-12-25,0,0.6,39,30.793055555555554,47.373931623931625,18,23,5,46.15384615384615,0.1282051282051282,6,4.0,4.0,94.33333333333333,24.666666666666668,0,2,2.0,0.0,0.6666666666666666,features,0.0,False,2024-11-25,417.0,2024-10-27,2024-11-25,29,1.0
A-098560,Company_349,DevTools,UK,2023-10-21,ads,Enterprise,1,0,1,12326.0,1120.5454545454545,5771.0,11,1,0,4,7,2023-12-10,2024-11-17,1,0.36363636363636365,55,48.41722222222222,52.81878787878788,32,32,8,58.18181818181818,0.14545454545454545,2,3.0,3.0,100.0,28.0,1,0,1.0,50.0,0.5,pricing,34.35,False,2024-09-04,12326.0,2023-10-21,2024-09-04,319,10.5
A-82861f,Company_350,DevTools,UK,2024-04-25,organic,Basic,41,0,0,43633.0,4363.3,10547.0,10,0,0,5,5,2024-05-18,2024-11-19,0,0.5,50,36.353611111111114,43.62433333333333,43,28,4,86.0,0.08,5,3.2,3.0,55.0,24.4,0,2,0.0,0.0,0.4,support,0.0,False,2024-05-17,1064.219512195122,2024-04-25,2024-05-17,22,0.7
A-94c3cd,Company_351,FinTech,CA,2023-09-20,other,Enterprise,32,0,0,9036.0,1506.0,6368.0,6,0,0,3,3,2024-01-06,2024-12-15,0,0.5,31,28.94361111111111,56.019892473118276,18,18,4,58.06451612903226,0.12903225806451613,4,3.5,3.0,116.5,44.75,1,1,1.0,25.0,0.5,,0.0,,,282.375,2023-09-20,,468,15.4
A-a33200,Company_352,HealthTech,US,2024-09-15,partner,Basic,29,0,0,28913.0,2409.4166666666665,5771.0,12,1,0,7,5,2024-09-26,2024-12-20,1,0.5833333333333334,55,41.94361111111111,45.75666666666667,26,33,5,47.27272727272727,0.09090909090909091,3,4.5,4.0,88.33333333333333,36.333333333333336,0,1,0.0,0.0,0.3333333333333333,features,21.61,False,2024-10-07,997.0,2024-09-15,2024-10-07,22,0.7
A-034368,Company_353,EdTech,US,2023-11-05,event,Enterprise,19,0,0,11194.0,2238.8,5572.0,5,0,0,1,4,2023-12-14,2024-12-12,0,0.2,28,22.33972222222222,47.87083333333333,25,20,4,89.28571428571429,0.14285714285714285,5,4.0,3.0,91.8,41.2,0,1,1.0,0.0,0.4,features,0.0,False,2024-08-29,589.1578947368421,2023-11-05,2024-08-29,298,9.8
A-b54c01,Company_354,DevTools,US,2024-09-29,event,Enterprise,29,0,0,3393.0,848.25,1421.0,4,0,0,3,1,2024-10-07,2024-12-23,0,0.75,23,18.048055555555557,47.08188405797102,17,15,3,73.91304347826086,0.13043478260869565,5,3.0,3.0,77.2,42.6,0,0,1.0,0.0,0.2,budget,0.0,False,2024-10-23,117.0,2024-09-29,2024-10-23,24,0.8
A-d82ef9,Company_355,EdTech,UK,2024-07-02,other,Basic,26,0,1,14327.0,1023.3571428571429,5174.0,14,1,2,9,5,2024-07-14,2024-11-30,-1,0.6428571428571429,68,53.895,47.55441176470588,46,32,5,67.64705882352942,0.07352941176470588,5,4.25,4.0,91.6,39.8,1,2,1.0,20.0,0.6,budget,74.94,False,2024-08-06,551.0384615384615,2024-07-02,2024-08-06,35,1.1
A-bb2f49,Company_356,Cybersecurity,US,2023-05-28,other,Pro,8,0,0,23990.0,2180.909090909091,9751.0,11,2,1,4,7,2023-06-29,2024-12-26,1,0.36363636363636365,60,52.797222222222224,52.797222222222224,42,31,2,70.0,0.03333333333333333,3,4.0,4.0,102.33333333333333,22.333333333333332,0,1,1.0,0.0,0.6666666666666666,,0.0,,,2998.75,2023-05-28,,583,19.2
A-1f559b,Company_357,HealthTech,US,2023-09-04,organic,Enterprise,5,1,1,11756.0,1175.6,5174.0,10,0,1,4,6,2023-12-12,2024-10-17,-1,0.4,40,32.57416666666666,48.861250000000005,27,29,4,67.5,0.1,5,4.2,4.0,116.2,50.4,0,2,2.0,0.0,0.8,features,0.0,False,2024-09-28,2351.2,2023-09-04,2024-09-28,390,12.8
A-5a215a,Company_358,EdTech,FR,2024-01-05,other,Enterprise,87,0,0,130152.0,7230.666666666667,17313.0,18,2,0,9,9,2024-01-31,2024-12-10,2,0.5,80,75.4588888888889,56.594166666666666,71,32,8,88.75,0.1,4,4.0,3.0,38.0,29.5,0,2,0.0,0.0,0.5,,0.0,,,1496.0,2024-01-05,,361,11.9
A-3f9cc0,Company_359,HealthTech,US,2024-06-03,event,Basic,22,0,0,19940.0,2848.5714285714284,5970.0,7,1,2,3,4,2024-06-23,2024-08-04,-1,0.42857142857142855,42,34.533611111111114,49.33373015873016,24,25,0,57.14285714285714,0.0,5,4.5,4.0,112.6,34.8,1,2,1.0,20.0,0.6,budget,0.0,True,2024-12-21,906.3636363636364,2024-06-03,2024-12-21,201,6.6
A-f9cc74,Company_360,DevTools,FR,2024-10-12,partner,Enterprise,30,1,0,15557.0,1555.7,5970.0,10,1,0,3,7,2024-10-12,2024-12-22,1,0.3,50,36.340555555555554,43.608666666666664,22,30,7,44.0,0.14,6,4.0,3.0,118.33333333333333,49.833333333333336,0,0,0.0,0.0,0.0,,0.0,,,518.5666666666667,2024-10-12,,80,2.6
A-ed510f,Company_361,Cybersecurity,IN,2023-01-17,partner,Basic,42,0,0,36162.0,3616.2,8358.0,10,2,0,7,3,2023-03-09,2024-12-21,2,0.7,49,44.65111111111111,54.67482993197279,28,27,5,57.14285714285714,0.10204081632653061,9,4.0,3.0,82.55555555555556,44.55555555555556,0,3,1.0,0.0,0.4444444444444444,budget,0.0,False,2023-05-05,861.0,2023-01-17,2023-05-05,108,3.5
A-5c9849,Company_362,EdTech,IN,2024-11-03,partner,Basic,19,0,0,36755.0,4083.8888888888887,18109.0,9,2,0,1,8,2024-11-10,2024-12-30,2,0.1111111111111111,46,42.07861111111111,54.88514492753623,23,30,2,50.0,0.043478260869565216,4,3.981276595744681,,41.0,59.5,1,2,0.0,25.0,0.5,unknown,0.0,False,2024-11-13,1934.4736842105262,2024-11-03,2024-11-13,10,0.3
A-a7bd4b,Company_363,Cybersecurity,US,2023-02-15,ads,Enterprise,5,0,0,6268.0,569.8181818181819,2499.0,11,2,0,6,5,2023-03-19,2024-09-25,2,0.5454545454545454,55,46.32555555555555,50.53696969696969,37,29,5,67.27272727272727,0.09090909090909091,6,3.25,3.0,86.16666666666667,36.833333333333336,0,1,3.0,0.0,0.6666666666666666,features,0.0,False,2024-10-15,1253.6,2023-02-15,2024-10-15,608,20.0
A-d4ac0e,Company_364,DevTools,UK,2024-04-20,ads,Basic,18,0,0,27557.0,1450.3684210526317,5572.0,19,3,0,11,8,2024-05-10,2024-12-14,3,0.5789473684210527,80,68.2275,51.170625,53,38,9,66.25,0.1125,4,3.5,3.0,34.0,21.0,0,0,2.0,0.0,0.5,,0.0,,,1530.9444444444443,2024-04-20,,255,8.4
A-ffdfd5,Company_365,EdTech,US,2024-04-13,organic,Basic,3,0,1,14322.0,1432.2,5970.0,10,1,0,5,5,2024-04-24,2024-12-20,1,0.5,52,38.780277777777776,44.74647435897436,28,29,4,53.84615384615385,0.07692307692307693,0,3.981276595744681,,88.48,35.861,0,0,,0.0,0.0,features,0.0,False,2024-08-08,4774.0,2024-04-13,2024-08-08,117,3.8
A-0dbdc6,Company_366,Cybersecurity,DE,2023-02-12,other,Pro,30,0,1,28273.0,3141.4444444444443,9950.0,9,0,0,4,5,2023-06-14,2024-12-15,0,0.4444444444444444,52,43.085277777777776,49.713782051282045,31,32,6,59.61538461538461,0.11538461538461539,4,5.0,5.0,95.25,47.0,0,0,1.0,0.0,0.25,pricing,175.02,False,2024-04-14,942.4333333333333,2023-02-12,2024-04-14,427,14.0
A-7cfe77,Company_367,DevTools,US,2024-07-10,ads,Pro,69,0,0,12765.0,2553.0,3381.0,5,1,1,3,2,2024-07-30,2024-12-05,0,0.6,19,15.995,50.51052631578947,11,16,1,57.89473684210527,0.05263157894736842,7,3.5,3.0,105.57142857142857,30.714285714285715,0,1,2.0,0.0,0.42857142857142855,features,0.0,False,2024-12-19,185.0,2024-07-10,2024-12-19,162,5.3
A-1f0636,Company_368,EdTech,AU,2024-01-01,partner,Pro,105,0,0,94710.0,8610.0,20895.0,11,3,0,9,2,2024-02-27,2024-11-17,3,0.8181818181818182,68,58.922222222222224,51.990196078431374,30,32,4,44.11764705882353,0.058823529411764705,2,3.5,3.0,75.0,38.5,0,0,2.0,0.0,1.0,,0.0,,,902.0,2024-01-01,,365,12.0
A-40de06,Company_369,Cybersecurity,US,2023-05-08,event,Enterprise,28,0,1,28862.0,1803.875,5572.0,16,2,1,10,6,2023-06-03,2024-11-17,1,0.625,91,74.27777777777777,48.97435897435898,43,37,14,47.25274725274725,0.15384615384615385,3,4.0,4.0,67.66666666666667,40.333333333333336,0,1,0.0,0.0,0.3333333333333333,,0.0,,,1030.7857142857142,2023-05-08,,603,19.8
A-cb5333,Company_370,DevTools,US,2024-03-26,ads,Pro,33,0,0,26256.0,1641.0,6567.0,16,0,1,6,10,2024-04-01,2024-12-15,-1,0.375,82,73.26861111111111,53.611178861788616,34,36,8,41.46341463414634,0.0975609756097561,4,3.0,3.0,85.75,30.75,0,1,1.0,0.0,0.5,features,0.0,False,2024-08-11,795.6363636363636,2024-03-26,2024-08-11,138,4.5
A-309e54,Company_371,DevTools,US,2024-12-09,other,Pro,15,0,0,28549.0,2595.3636363636365,11741.0,11,0,1,5,6,2024-12-13,2024-12-31,-1,0.45454545454545453,52,46.721944444444446,53.90993589743589,24,28,3,46.15384615384615,0.057692307692307696,5,3.0,3.0,90.2,23.8,0,2,1.0,0.0,0.6,support,106.67,False,2024-12-14,1903.2666666666667,2024-12-09,2024-12-14,5,0.2
A-6e7827,Company_372,DevTools,US,2023-03-26,other,Basic,1,0,0,8344.0,927.1111111111111,2450.0,9,3,0,4,5,2023-06-11,2024-12-19,3,0.4444444444444444,41,34.25194444444445,50.12479674796748,31,24,3,75.60975609756098,0.07317073170731707,2,3.5,3.0,83.5,51.0,0,0,0.0,0.0,0.0,features,0.0,False,2024-04-09,8344.0,2023-03-26,2024-04-09,380,12.5
A-50bb9f,Company_373,Cybersecurity,US,2024-07-12,organic,Pro,2,0,0,17263.0,2157.875,6965.0,8,2,0,2,6,2024-07-22,2024-12-27,2,0.25,24,27.59111111111111,68.97777777777779,15,18,5,62.5,0.20833333333333334,7,4.0,3.0,74.71428571428571,33.285714285714285,0,2,1.0,0.0,0.42857142857142855,unknown,0.0,True,2024-09-12,8631.5,2024-07-12,2024-09-12,62,2.0
A-5fe118,Company_374,Cybersecurity,US,2024-11-07,other,Enterprise,39,0,0,22290.0,4458.0,7761.0,5,0,0,2,3,2024-12-02,2024-12-29,0,0.4,21,16.639444444444443,47.54126984126984,12,14,5,57.14285714285714,0.23809523809523808,1,4.0,4.0,26.0,19.0,0,1,0.0,0.0,1.0,features,114.86,False,2024-12-16,571.5384615384615,2024-11-07,2024-12-16,39,1.3
A-5247b3,Company_375,FinTech,UK,2024-03-12,partner,Pro,16,1,0,11791.0,1071.909090909091,3184.0,11,3,0,5,6,2024-03-23,2024-11-25,3,0.45454545454545453,60,49.22555555555556,49.22555555555555,29,32,9,48.333333333333336,0.15,5,4.0,3.0,96.6,45.8,0,2,2.0,0.0,0.8,pricing,28.84,False,2024-10-16,736.9375,2024-03-12,2024-10-16,218,7.2
A-f44180,Company_376,Cybersecurity,UK,2023-02-13,event,Pro,9,0,0,28788.0,2617.090909090909,17711.0,11,0,0,7,4,2023-03-25,2024-12-13,0,0.6363636363636364,52,45.589166666666664,52.60288461538462,22,27,10,42.30769230769231,0.19230769230769232,2,5.0,5.0,123.0,46.5,0,1,0.0,0.0,0.5,competitor,38.15,False,2023-04-29,3198.6666666666665,2023-02-13,2023-04-29,75,2.5
A-c16cf7,Company_377,EdTech,US,2024-10-16,event,Pro,13,1,0,12274.0,1227.4,4776.0,10,0,0,6,4,2024-10-18,2024-12-23,0,0.6,58,40.235,41.62241379310345,26,33,8,44.827586206896555,0.13793103448275862,3,3.5,3.0,111.66666666666667,48.333333333333336,0,0,0.0,0.0,0.0,support,0.0,False,2024-12-07,944.1538461538462,2024-10-16,2024-12-07,52,1.7
A-d42431,Company_378,FinTech,FR,2024-06-09,ads,Enterprise,22,1,0,21160.0,2351.1111111111113,4378.0,9,1,1,4,5,2024-06-11,2024-12-08,0,0.4444444444444444,47,37.184444444444445,47.46950354609929,34,26,6,72.3404255319149,0.1276595744680851,4,4.0,3.0,119.5,24.25,0,2,1.0,0.0,0.75,pricing,17.42,False,2024-06-26,961.8181818181819,2024-06-09,2024-06-26,17,0.6
A-6965e1,Company_379,DevTools,US,2024-11-25,organic,Basic,13,0,0,27765.0,2313.75,7562.0,12,1,1,4,8,2024-12-05,2024-12-30,0,0.3333333333333333,59,52.265,53.15084745762712,29,27,4,49.152542372881356,0.06779661016949153,3,3.0,3.0,128.33333333333334,39.0,0,0,1.0,0.0,0.3333333333333333,features,0.0,False,2024-12-09,2135.769230769231,2024-11-25,2024-12-09,14,0.5
A-0354fe,Company_380,Cybersecurity,US,2024-10-22,other,Basic,34,0,0,15470.0,2210.0,6766.0,7,1,0,3,4,2024-11-03,2024-12-10,1,0.42857142857142855,45,42.34305555555556,56.45740740740741,30,28,3,66.66666666666666,0.06666666666666667,4,4.0,3.0,69.25,20.0,0,0,2.0,0.0,0.5,support,0.0,False,2024-11-26,455.0,2024-10-22,2024-11-26,35,1.1
A-0a62f5,Company_381,FinTech,UK,2024-09-11,partner,Pro,16,0,0,4861.0,1215.25,3184.0,4,0,0,2,2,2024-09-16,2024-12-21,0,0.5,25,20.802777777777777,49.92666666666666,7,20,2,28.000000000000004,0.08,2,3.981276595744681,,105.0,33.5,0,1,1.0,0.0,1.0,features,156.45000000000002,False,2024-10-10,303.8125,2024-09-11,2024-10-10,29,1.0
A-f5641b,Company_382,EdTech,US,2024-03-30,other,Pro,31,0,0,39120.0,3912.0,8955.0,10,1,1,2,8,2024-04-21,2024-12-29,0,0.2,39,39.346944444444446,60.53376068376068,18,27,4,46.15384615384615,0.10256410256410256,4,3.0,3.0,98.0,47.5,1,1,2.0,25.0,0.75,features,0.0,False,2024-06-17,1261.9354838709678,2024-03-30,2024-06-17,79,2.6
A-b44e3e,Company_383,Cybersecurity,UK,2024-02-12,ads,Basic,40,0,0,43521.0,6217.285714285715,15721.0,7,3,0,5,2,2024-02-28,2024-12-27,3,0.7142857142857143,38,31.920277777777777,50.40043859649123,13,20,4,34.21052631578947,0.10526315789473684,3,4.333333333333333,4.0,75.33333333333333,40.0,0,2,0.0,0.0,0.6666666666666666,unknown,0.0,False,2024-04-14,1088.025,2024-02-12,2024-04-14,62,2.0
A-3b37d9,Company_384,FinTech,US,2023-01-27,event,Enterprise,23,0,0,19435.0,2776.4285714285716,4577.0,7,2,0,5,2,2023-04-11,2024-11-17,2,0.7142857142857143,43,35.58861111111111,49.65852713178295,21,26,2,48.837209302325576,0.046511627906976744,5,4.5,4.0,89.8,36.0,0,1,1.0,0.0,0.4,support,0.0,False,2024-10-13,845.0,2023-01-27,2024-10-13,625,20.5
A-54d94a,Company_385,Cybersecurity,IN,2023-05-01,event,Basic,27,0,0,12557.0,1141.5454545454545,2548.0,11,1,1,5,6,2023-11-29,2024-12-21,0,0.45454545454545453,59,48.37833333333333,49.19830508474577,28,30,7,47.45762711864407,0.11864406779661017,4,3.5,3.0,82.75,53.75,0,0,0.0,0.0,0.0,,0.0,,,465.0740740740741,2023-05-01,,610,20.0
A-7f29a7,Company_386,Cybersecurity,UK,2024-09-18,event,Basic,41,1,0,18860.0,1714.5454545454545,8159.0,11,0,0,4,7,2024-09-26,2024-12-21,0,0.36363636363636365,62,49.22472222222222,47.636827956989244,38,32,9,61.29032258064516,0.14516129032258066,1,4.0,4.0,5.0,24.0,0,1,0.0,0.0,1.0,unknown,23.97,False,2024-10-09,460.0,2024-09-18,2024-10-09,21,0.7
A-089363,Company_387,FinTech,AU,2023-05-06,event,Basic,2,0,0,21104.0,1507.4285714285713,8557.0,14,2,0,7,7,2023-06-03,2024-12-12,2,0.5,61,54.58083333333333,53.68606557377049,33,30,9,54.09836065573771,0.14754098360655737,3,3.6666666666666665,3.0,91.33333333333333,35.0,0,0,1.0,0.0,0.3333333333333333,pricing,0.0,False,2023-11-27,10552.0,2023-05-06,2023-11-27,205,6.7
A-524364,Company_388,DevTools,FR,2024-12-31,partner,Enterprise,3,0,0,9552.0,1592.0,8557.0,6,0,0,2,4,2024-12-31,2024-12-31,0,0.3333333333333333,26,20.158055555555556,46.51858974358974,24,18,2,92.3076923076923,0.07692307692307693,3,4.333333333333333,4.0,75.33333333333333,47.666666666666664,0,1,1.0,0.0,0.6666666666666666,,0.0,,,3184.0,2024-12-31,,1,0.0
A-855a48,Company_389,EdTech,US,2023-12-22,partner,Pro,14,1,0,30376.0,3797.0,11940.0,8,0,1,5,3,2024-01-30,2024-07-30,-1,0.625,44,40.53,55.268181818181816,16,26,7,36.36363636363637,0.1590909090909091,5,3.6666666666666665,3.0,122.0,39.6,0,1,3.0,0.0,0.8,unknown,7.92,False,2024-08-01,2169.714285714286,2023-12-22,2024-08-01,223,7.3
A-756192,Company_390,FinTech,IN,2023-06-11,other,Basic,19,0,0,21400.0,2140.0,7761.0,10,1,0,3,7,2023-09-17,2024-12-12,1,0.3,64,50.99583333333333,47.80859375,43,32,3,67.1875,0.046875,3,4.0,3.0,102.33333333333333,37.333333333333336,0,2,0.0,0.0,0.6666666666666666,,0.0,,,1126.3157894736842,2023-06-11,,569,18.7
A-49b828,Company_391,FinTech,IN,2023-05-05,ads,Pro,6,0,0,31108.0,2222.0,9751.0,14,2,0,8,6,2023-05-11,2024-11-22,2,0.5714285714285714,65,51.99527777777778,47.99564102564103,45,29,10,69.23076923076923,0.15384615384615385,3,3.5,3.0,87.66666666666667,13.666666666666666,1,0,0.0,33.33333333333333,0.0,,0.0,,,5184.666666666667,2023-05-05,,606,19.9
A-c7ffc2,Company_392,Cybersecurity,US,2023-01-27,partner,Pro,30,1,0,36112.0,3009.3333333333335,6468.0,12,3,0,5,7,2023-05-25,2024-12-27,3,0.4166666666666667,62,55.82138888888889,54.02069892473118,28,30,6,45.16129032258064,0.0967741935483871,2,3.0,3.0,86.0,64.0,0,0,1.0,0.0,0.5,features,174.92,False,2023-11-11,1203.7333333333333,2023-01-27,2023-11-11,288,9.5
A-751c58,Company_393,FinTech,UK,2024-07-18,organic,Basic,15,0,0,19597.0,1781.5454545454545,5174.0,11,4,0,7,4,2024-07-29,2024-12-21,4,0.6363636363636364,53,49.834722222222226,56.416666666666664,12,31,3,22.641509433962266,0.05660377358490566,5,4.333333333333333,4.0,130.0,39.6,0,0,0.0,0.0,0.0,budget,64.22,True,2024-11-05,1306.4666666666667,2024-07-18,2024-11-05,110,3.6
A-72799b,Company_394,DevTools,FR,2023-11-13,event,Enterprise,20,0,1,17315.0,1731.5,3980.0,10,2,1,4,6,2023-11-17,2024-10-21,1,0.4,56,43.055,46.13035714285714,34,31,10,60.71428571428571,0.17857142857142858,2,4.5,4.0,80.0,33.5,1,0,1.0,50.0,0.5,pricing,0.0,False,2024-05-05,865.75,2023-11-13,2024-05-05,174,5.7
A-812c5b,Company_395,DevTools,CA,2024-02-25,organic,Basic,55,0,1,29884.0,2298.769230769231,10945.0,13,0,0,1,12,2024-04-03,2024-12-27,0,0.07692307692307693,88,74.8875,51.05965909090909,46,33,11,52.27272727272727,0.125,4,4.0,4.0,88.25,27.0,0,2,1.0,0.0,0.75,support,11.83,False,2024-05-11,543.3454545454546,2024-02-25,2024-05-11,76,2.5
A-69b156,Company_396,EdTech,US,2023-11-21,other,Pro,7,0,1,14293.0,1588.111111111111,5572.0,9,0,2,4,5,2023-12-27,2024-12-10,-2,0.4444444444444444,36,28.4675,47.44583333333333,20,24,2,55.55555555555556,0.05555555555555555,7,4.0,3.0,100.57142857142857,32.0,0,0,4.0,0.0,0.5714285714285714,,0.0,,,2041.857142857143,2023-11-21,,406,13.3
A-075038,Company_397,HealthTech,UK,2023-05-12,ads,Basic,17,0,0,18909.0,1350.642857142857,5047.0,14,1,0,7,7,2023-07-14,2024-10-26,1,0.5,70,55.202222222222225,47.31619047619048,31,32,9,44.285714285714285,0.12857142857142856,2,3.0,3.0,54.0,43.5,0,0,2.0,0.0,1.0,features,6.38,False,2024-09-05,1112.2941176470588,2023-05-12,2024-09-05,482,15.8
A-940b8b,Company_398,HealthTech,DE,2024-03-19,organic,Basic,1,0,0,9640.0,1205.0,6368.0,8,1,1,6,2,2024-04-01,2024-11-11,0,0.75,35,33.66222222222222,57.70666666666667,32,23,3,91.42857142857143,0.08571428571428572,3,4.0,3.0,89.33333333333333,41.333333333333336,0,1,1.0,0.0,0.6666666666666666,,0.0,,,9640.0,2024-03-19,,287,9.4
A-2d1036,Company_399,FinTech,US,2024-06-14,ads,Pro,69,0,1,64653.0,4973.307692307692,13731.0,13,0,1,8,5,2024-07-03,2024-12-16,-1,0.6153846153846154,69,50.37083333333333,43.80072463768116,40,31,10,57.971014492753625,0.14492753623188406,5,4.6,4.0,49.0,37.8,1,1,1.0,20.0,0.4,pricing,39.09,True,2024-10-28,937.0,2024-06-14,2024-10-28,136,4.5
A-0f6450,Company_400,FinTech,US,2024-12-27,other,Pro,28,1,1,23800.0,2163.6363636363635,5572.0,11,0,0,3,8,2024-12-27,2024-12-31,0,0.2727272727272727,54,48.519444444444446,53.910493827160494,39,31,8,72.22222222222221,0.14814814814814814,8,3.8333333333333335,3.0,81.625,29.75,1,1,0.0,12.5,0.125,competitor,0.0,False,2024-12-29,850.0,2024-12-27,2024-12-29,2,0.1
A-9affe6,Company_401,Cybersecurity,US,2023-03-22,other,Pro,7,0,0,10636.0,966.9090909090909,1421.0,11,2,0,4,7,2023-04-06,2024-11-14,2,0.36363636363636365,47,40.23694444444445,51.366312056737584,16,26,3,34.04255319148936,0.06382978723404255,3,3.0,3.0,76.0,58.0,0,1,1.0,0.0,0.6666666666666666,features,83.06,False,2024-01-12,1519.4285714285713,2023-03-22,2024-01-12,296,9.7
A-80eeb6,Company_402,Cybersecurity,UK,2023-05-09,organic,Enterprise,22,0,0,68489.0,4280.5625,17711.0,16,4,1,8,8,2023-07-15,2024-12-20,3,0.5,76,61.64,48.66315789473684,43,38,9,56.57894736842105,0.11842105263157894,4,3.6666666666666665,3.0,68.25,40.25,1,1,2.0,25.0,0.75,features,0.0,False,2023-10-19,3113.1363636363635,2023-05-09,2023-10-19,163,5.4
A-d4e0d4,Company_403,FinTech,US,2024-10-18,other,Basic,117,0,0,138060.0,13806.0,23283.0,10,1,1,3,7,2024-10-18,2024-12-14,0,0.3,49,40.214166666666664,49.24183673469388,33,30,6,67.3469387755102,0.12244897959183673,4,4.0,3.0,76.25,39.25,0,0,1.0,0.0,0.25,,0.0,,,1180.0,2024-10-18,,74,2.4
A-c7e58b,Company_404,HealthTech,IN,2023-06-25,other,Pro,3,0,0,5384.0,769.1428571428571,1990.0,7,0,0,3,4,2023-08-30,2024-09-07,0,0.42857142857142855,34,29.40361111111111,51.88872549019608,18,22,1,52.94117647058824,0.029411764705882353,5,3.5,3.0,98.4,30.6,0,1,1.0,0.0,0.4,,0.0,,,1794.6666666666667,2023-06-25,,555,18.2
A-016043,Company_405,EdTech,CA,2024-07-31,organic,Basic,4,1,0,16516.0,1501.4545454545455,4776.0,11,3,0,7,4,2024-08-02,2024-12-02,3,0.6363636363636364,47,36.6875,46.83510638297873,21,26,3,44.680851063829785,0.06382978723404255,3,4.0,4.0,78.0,30.333333333333332,0,0,2.0,0.0,0.6666666666666666,competitor,84.75,False,2024-08-11,4129.0,2024-07-31,2024-08-11,11,0.4
A-bbe56f,Company_406,HealthTech,US,2023-02-16,ads,Enterprise,21,0,0,6025.0,1205.0,4179.0,5,1,0,4,1,2023-08-29,2024-10-15,1,0.8,22,16.834444444444443,45.91212121212121,8,13,4,36.36363636363637,0.18181818181818182,4,4.0,3.0,120.5,26.25,0,1,1.0,0.0,0.5,,0.0,,,286.9047619047619,2023-02-16,,684,22.5
A-7c5768,Company_407,HealthTech,UK,2024-03-02,event,Enterprise,3,0,0,3389.0,376.55555555555554,1178.0,9,0,0,4,5,2024-03-05,2024-12-02,0,0.4444444444444444,46,39.52111111111111,51.549275362318845,31,27,4,67.3913043478261,0.08695652173913043,5,4.0,3.0,96.4,28.8,0,2,2.0,0.0,0.8,,0.0,,,1129.6666666666667,2024-03-02,,304,10.0
A-751bd4,Company_408,Cybersecurity,UK,2024-07-12,partner,Pro,10,0,0,190.0,95.0,190.0,2,0,0,1,1,2024-09-18,2024-10-29,0,0.5,10,9.063611111111111,54.38166666666667,0,9,0,0.0,0.0,6,4.25,3.0,112.0,23.166666666666668,1,3,1.0,16.666666666666664,0.6666666666666666,budget,0.0,False,2024-09-22,19.0,2024-07-12,2024-09-22,72,2.4
A-4e0e85,Company_409,DevTools,US,2023-09-08,organic,Enterprise,6,0,0,4544.0,568.0,1862.0,8,1,0,4,4,2024-02-16,2024-12-14,1,0.5,31,22.33861111111111,43.23602150537634,9,20,2,29.03225806451613,0.06451612903225806,2,5.0,5.0,119.5,53.0,0,0,1.0,0.0,0.5,pricing,0.0,False,2024-03-14,757.3333333333334,2023-09-08,2024-03-14,188,6.2
A-ad3abd,Company_410,FinTech,US,2023-03-03,event,Pro,44,0,0,16896.0,2413.714285714286,8756.0,7,0,0,3,4,2023-03-18,2024-10-14,0,0.42857142857142855,29,26.351666666666667,54.52068965517241,11,20,1,37.93103448275862,0.034482758620689655,3,3.0,3.0,70.33333333333333,13.0,0,1,1.0,0.0,0.6666666666666666,competitor,0.0,False,2023-07-12,384.0,2023-03-03,2023-07-12,131,4.3
A-e19ff6,Company_411,Cybersecurity,UK,2023-07-28,partner,Enterprise,1,0,0,4910.0,409.1666666666667,1960.0,12,1,0,7,5,2023-08-09,2024-10-23,1,0.5833333333333334,45,40.23444444444444,53.64592592592592,24,26,1,53.333333333333336,0.022222222222222223,3,4.666666666666667,4.0,115.0,30.666666666666668,0,1,2.0,0.0,1.0,unknown,0.0,False,2024-04-18,4910.0,2023-07-28,2024-04-18,265,8.7
A-7920cc,Company_412,Cybersecurity,FR,2023-11-23,ads,Pro,39,0,0,52089.0,3255.5625,13731.0,16,1,0,8,8,2023-11-27,2024-12-06,1,0.5,62,49.30888888888889,47.71827956989247,28,32,4,45.16129032258064,0.06451612903225806,7,4.333333333333333,3.0,113.42857142857143,32.857142857142854,0,1,0.0,0.0,0.14285714285714285,,0.0,,,1335.6153846153845,2023-11-23,,404,13.3
A-5a92e7,Company_413,HealthTech,US,2024-06-11,ads,Pro,4,0,0,12671.0,666.8947368421053,2107.0,19,0,0,8,11,2024-06-13,2024-12-17,0,0.42105263157894735,85,76.76027777777777,54.183725490196075,76,37,8,89.41176470588236,0.09411764705882353,7,4.4,3.0,86.14285714285714,45.0,0,3,1.0,0.0,0.5714285714285714,budget,0.0,False,2024-11-11,3167.75,2024-06-11,2024-11-11,153,5.0
A-fdfc91,Company_414,Cybersecurity,US,2023-05-06,ads,Basic,29,0,0,20612.0,2061.2,9353.0,10,1,0,5,5,2023-07-30,2024-09-14,1,0.5,56,43.92861111111111,47.06636904761904,29,32,1,51.78571428571429,0.017857142857142856,5,3.6666666666666665,3.0,121.0,28.8,0,4,1.0,0.0,1.0,,0.0,,,710.7586206896551,2023-05-06,,605,19.9
A-1e50e0,Company_415,Cybersecurity,DE,2023-02-21,other,Pro,19,1,1,13295.0,2659.0,4802.0,5,1,0,2,3,2023-03-23,2024-09-05,1,0.4,20,17.40277777777778,52.208333333333336,15,17,2,75.0,0.1,2,5.0,5.0,143.0,20.5,1,1,1.0,50.0,1.0,budget,54.94,False,2023-11-01,699.7368421052631,2023-02-21,2023-11-01,253,8.3
A-1e1b80,Company_416,FinTech,CA,2023-09-12,other,Enterprise,50,0,0,48647.0,4053.9166666666665,9950.0,12,1,0,6,6,2023-10-11,2024-11-04,1,0.5,68,58.143055555555556,51.302696078431374,47,34,2,69.11764705882352,0.029411764705882353,6,3.2,3.0,67.5,43.0,0,1,3.0,0.0,0.6666666666666666,features,0.0,False,2024-11-13,972.94,2023-09-12,2024-11-13,428,14.1
A-659280,Company_417,FinTech,IN,2023-11-17,event,Enterprise,13,1,1,21450.0,1787.5,6169.0,12,2,0,6,6,2023-11-25,2024-12-26,2,0.5,60,51.70055555555555,51.70055555555555,34,30,6,56.666666666666664,0.1,4,4.333333333333333,4.0,123.75,8.0,0,0,0.0,0.0,0.0,pricing,27.75,False,2024-11-22,1650.0,2023-11-17,2024-11-22,371,12.2
A-f6b2fb,Company_418,DevTools,AU,2024-04-23,event,Basic,23,0,0,23359.0,2335.9,9751.0,10,1,1,5,5,2024-05-23,2024-11-18,0,0.5,55,44.00333333333333,48.00363636363636,37,29,8,67.27272727272727,0.14545454545454545,5,4.0,3.0,88.6,55.0,1,0,2.0,20.0,0.4,support,0.0,False,2024-07-11,1015.6086956521739,2024-04-23,2024-07-11,79,2.6
A-cb6cc6,Company_419,DevTools,US,2023-04-03,ads,Basic,13,1,0,2622.0,374.57142857142856,1225.0,7,2,0,3,4,2023-04-20,2024-10-01,2,0.42857142857142855,35,28.255277777777778,48.437619047619044,26,21,0,74.28571428571429,0.0,3,3.5,3.0,131.66666666666666,16.333333333333332,0,0,2.0,0.0,0.6666666666666666,,0.0,,,201.69230769230768,2023-04-03,,638,21.0
A-d62e02,Company_420,Cybersecurity,US,2024-08-20,partner,Pro,6,0,0,21324.0,2132.4,5373.0,10,1,1,4,6,2024-09-03,2024-12-30,0,0.4,34,35.210277777777776,62.13578431372549,23,25,4,67.64705882352942,0.11764705882352941,1,4.0,4.0,31.0,36.0,0,0,1.0,0.0,1.0,,0.0,,,3554.0,2024-08-20,,133,4.4
A-d535f6,Company_421,DevTools,US,2024-09-03,organic,Basic,12,1,1,7415.0,823.8888888888889,2388.0,9,1,3,3,6,2024-09-21,2024-12-15,-2,0.3333333333333333,47,40.570277777777775,51.79184397163121,29,26,4,61.702127659574465,0.0851063829787234,0,3.981276595744681,,88.48,35.861,0,0,,0.0,0.0,features,0.0,False,2024-11-26,617.9166666666666,2024-09-03,2024-11-26,84,2.8
A-39868b,Company_422,FinTech,AU,2024-03-17,partner,Pro,9,0,0,4194.0,838.8,1791.0,5,1,0,4,1,2024-04-25,2024-11-28,1,0.8,28,29.525555555555556,63.26904761904762,21,22,5,75.0,0.17857142857142858,6,4.25,3.0,100.83333333333333,39.0,0,1,1.0,0.0,0.3333333333333333,budget,0.0,True,2024-05-24,466.0,2024-03-17,2024-05-24,68,2.2
A-3cc791,Company_423,EdTech,US,2024-01-10,other,Enterprise,6,0,0,8522.0,1065.25,4378.0,8,0,0,3,5,2024-01-31,2024-12-19,0,0.375,46,41.397777777777776,53.997101449275355,30,28,5,65.21739130434783,0.10869565217391304,6,4.25,3.0,95.83333333333333,48.333333333333336,1,1,2.0,16.666666666666664,0.5,features,0.0,True,2024-10-09,1420.3333333333333,2024-01-10,2024-10-09,273,9.0
A-337bc1,Company_424,Cybersecurity,US,2023-07-19,organic,Pro,30,1,0,19379.0,2768.4285714285716,6766.0,7,2,2,3,4,2023-08-02,2024-09-28,0,0.42857142857142855,43,39.19861111111111,54.695736434108525,34,27,4,79.06976744186046,0.09302325581395349,4,4.0,3.0,62.75,32.5,1,0,2.0,25.0,0.5,support,0.0,False,2023-10-21,645.9666666666667,2023-07-19,2023-10-21,94,3.1
A-58b9ff,Company_425,DevTools,IN,2024-05-31,partner,Enterprise,2,0,0,22642.0,1741.6923076923076,15124.0,13,1,1,5,8,2024-06-17,2024-11-03,0,0.38461538461538464,65,55.7575,51.46846153846153,32,28,7,49.23076923076923,0.1076923076923077,2,4.0,4.0,79.0,66.0,1,0,0.0,50.0,0.0,pricing,0.0,False,2024-10-10,11321.0,2024-05-31,2024-10-10,132,4.3
A-bf7919,Company_426,HealthTech,US,2024-11-27,organic,Pro,3,0,0,1560.0,260.0,735.0,6,0,0,4,2,2024-12-07,2024-12-31,0,0.6666666666666666,26,21.516111111111112,49.65256410256411,14,23,4,53.84615384615385,0.15384615384615385,2,5.0,5.0,81.5,14.5,0,0,1.0,0.0,0.5,support,0.0,False,2024-12-06,520.0,2024-11-27,2024-12-06,9,0.3
A-1d5444,Company_427,Cybersecurity,US,2024-01-18,partner,Basic,24,0,1,30958.0,2211.285714285714,8159.0,14,2,0,9,5,2024-03-19,2024-11-26,2,0.6428571428571429,59,50.564166666666665,51.421186440677964,35,28,6,59.32203389830508,0.1016949152542373,2,4.0,4.0,62.5,30.0,0,0,2.0,0.0,1.0,support,0.0,False,2024-06-01,1289.9166666666667,2024-01-18,2024-06-01,135,4.4
A-0f3e88,Company_428,HealthTech,US,2023-07-23,other,Basic,7,0,1,5624.0,511.27272727272725,2189.0,11,2,0,3,8,2023-08-05,2024-12-11,2,0.2727272727272727,59,49.06388888888889,49.8954802259887,28,32,6,47.45762711864407,0.1016949152542373,3,4.5,4.0,67.0,48.0,0,1,0.0,0.0,0.3333333333333333,budget,0.0,False,2024-08-11,803.4285714285714,2023-07-23,2024-08-11,385,12.6
A-7641d3,Company_429,EdTech,US,2023-02-16,partner,Pro,8,1,1,12060.0,1096.3636363636363,2989.0,11,0,1,2,9,2023-04-12,2024-11-21,-1,0.18181818181818182,50,45.765277777777776,54.91833333333333,26,28,4,52.0,0.08,5,4.333333333333333,3.0,124.6,45.2,2,2,1.0,40.0,0.6,unknown,131.39999999999998,False,2024-06-07,1507.5,2023-02-16,2024-06-07,477,15.7
A-cd458b,Company_430,DevTools,US,2024-06-15,other,Basic,10,1,0,43291.0,2886.0666666666666,9353.0,15,0,1,7,8,2024-07-12,2024-12-26,-1,0.4666666666666667,84,74.06222222222222,52.9015873015873,45,34,2,53.57142857142857,0.023809523809523808,5,4.6,3.0,81.2,38.4,0,4,0.0,0.0,0.8,budget,0.0,False,2024-11-07,4329.1,2024-06-15,2024-11-07,145,4.8
A-c16b88,Company_431,HealthTech,US,2023-12-02,event,Enterprise,23,0,0,20338.0,2259.777777777778,8955.0,9,2,0,5,4,2024-03-08,2024-12-26,2,0.5555555555555556,48,43.04416666666667,53.80520833333333,24,28,6,50.0,0.125,3,3.0,3.0,137.66666666666666,48.333333333333336,0,0,2.0,0.0,0.6666666666666666,competitor,0.0,False,2024-06-01,884.2608695652174,2023-12-02,2024-06-01,182,6.0
A-59f724,Company_432,HealthTech,US,2023-11-03,other,Enterprise,3,1,0,9773.0,814.4166666666666,4378.0,12,2,0,5,7,2024-01-01,2024-12-08,2,0.4166666666666667,68,61.58083333333333,54.336029411764706,47,33,6,69.11764705882352,0.08823529411764706,4,4.25,4.0,94.5,19.25,0,2,1.0,0.0,0.75,,0.0,,,3257.6666666666665,2023-11-03,,424,13.9
A-87aa7b,Company_433,HealthTech,US,2024-05-16,organic,Pro,24,1,0,22881.0,1430.0625,4776.0,16,4,2,8,8,2024-05-22,2024-12-23,2,0.5,72,58.484722222222224,48.73726851851852,35,31,6,48.61111111111111,0.08333333333333333,3,3.981276595744681,,72.66666666666667,27.333333333333332,1,1,1.0,33.33333333333333,0.6666666666666666,budget,136.0,False,2024-12-26,953.375,2024-05-16,2024-12-26,224,7.4
A-1e6fc3,Company_434,EdTech,FR,2023-12-06,other,Pro,1,0,0,444.0,111.0,245.0,4,0,0,3,1,2024-01-11,2024-12-17,0,0.75,26,23.68722222222222,54.66282051282052,19,19,1,73.07692307692307,0.038461538461538464,5,3.6666666666666665,3.0,88.6,23.8,0,1,2.0,0.0,0.6,pricing,0.0,False,2024-03-20,444.0,2023-12-06,2024-03-20,105,3.4
A-39ddf4,Company_435,EdTech,US,2024-12-05,partner,Enterprise,40,0,0,35836.0,3981.777777777778,7960.0,9,0,0,5,4,2024-12-07,2024-12-30,0,0.5555555555555556,46,38.79277777777778,50.59927536231884,36,27,6,78.26086956521739,0.13043478260869565,5,4.25,4.0,76.2,23.0,0,0,4.0,0.0,0.8,support,0.0,False,2024-12-13,895.9,2024-12-05,2024-12-13,8,0.3
A-34ea2f,Company_436,HealthTech,US,2024-08-15,organic,Enterprise,8,0,1,14583.0,1215.25,4179.0,12,3,0,7,5,2024-09-05,2024-12-25,3,0.5833333333333334,57,48.65472222222222,51.2154970760234,30,29,3,52.63157894736842,0.05263157894736842,8,3.8,3.0,65.625,35.25,0,3,0.0,0.0,0.375,unknown,1.85,False,2024-10-05,1822.875,2024-08-15,2024-10-05,51,1.7
A-716841,Company_437,FinTech,US,2024-05-06,other,Pro,45,0,0,26234.0,3279.25,8955.0,8,0,0,5,3,2024-05-13,2024-12-13,0,0.625,34,30.878055555555555,54.490686274509805,13,26,1,38.23529411764706,0.029411764705882353,5,4.0,3.0,112.8,29.8,0,0,0.0,0.0,0.0,unknown,0.0,False,2024-11-13,582.9777777777778,2024-05-06,2024-11-13,191,6.3
A-558c72,Company_438,FinTech,US,2023-06-01,organic,Basic,12,0,0,9171.0,1310.142857142857,2985.0,7,1,0,2,5,2023-06-12,2024-10-10,1,0.2857142857142857,30,23.204722222222223,46.409444444444446,16,19,4,53.333333333333336,0.13333333333333333,4,4.5,4.0,79.25,64.25,1,1,1.0,25.0,0.5,support,43.01,False,2024-11-28,764.25,2023-06-01,2024-11-28,546,17.9
A-b11cd0,Company_439,DevTools,US,2023-01-20,ads,Pro,26,1,1,4806.0,801.0,1764.0,6,0,0,2,4,2023-02-16,2024-07-20,0,0.3333333333333333,29,23.808611111111112,49.25919540229885,16,21,1,55.172413793103445,0.034482758620689655,4,4.0,3.0,140.75,38.5,0,0,0.0,0.0,0.0,,0.0,,,184.84615384615384,2023-01-20,,711,23.4
A-cc1d8d,Company_440,FinTech,US,2024-12-08,other,Pro,5,0,0,8947.0,688.2307692307693,1596.0,13,1,1,6,7,2024-12-08,2024-12-30,0,0.46153846153846156,63,56.768055555555556,54.06481481481481,48,33,11,76.19047619047619,0.1746031746031746,5,4.5,4.0,99.2,30.2,0,0,2.0,0.0,0.4,features,217.22,False,2024-12-17,1789.4,2024-12-08,2024-12-17,9,0.3
A-7f4db3,Company_441,FinTech,US,2023-03-05,other,Pro,4,0,0,26276.0,1751.7333333333333,8955.0,15,0,1,9,6,2023-03-11,2024-12-08,-1,0.6,90,77.22222222222223,51.48148148148148,46,36,6,51.11111111111111,0.06666666666666667,5,3.25,3.0,91.4,16.6,1,1,1.0,20.0,0.4,support,0.0,False,2023-03-21,6569.0,2023-03-05,2023-03-21,16,0.5
A-db5e9e,Company_442,DevTools,US,2024-11-09,partner,Basic,4,0,0,9251.0,1156.375,3383.0,8,0,1,4,4,2024-11-12,2024-12-28,-1,0.5,57,47.459722222222226,49.95760233918129,27,29,7,47.368421052631575,0.12280701754385964,2,5.0,5.0,97.5,66.0,0,0,0.0,0.0,0.0,pricing,0.0,False,2024-12-29,2312.75,2024-11-09,2024-12-29,50,1.6
A-cc102e,Company_443,HealthTech,US,2024-04-15,partner,Enterprise,13,0,0,10063.0,1006.3,2985.0,10,1,0,4,6,2024-05-06,2024-12-23,1,0.4,43,33.76777777777778,47.117829457364344,39,26,5,90.69767441860465,0.11627906976744186,4,4.333333333333333,3.0,109.0,33.25,0,0,1.0,0.0,0.25,unknown,111.16,False,2024-04-25,774.0769230769231,2024-04-15,2024-04-25,10,0.3
A-82d8a6,Company_444,Cybersecurity,UK,2024-11-28,ads,Basic,5,0,0,27966.0,1645.0588235294117,13532.0,17,5,2,8,9,2024-12-03,2024-12-31,3,0.47058823529411764,70,55.14944444444444,47.27095238095238,38,32,9,54.285714285714285,0.12857142857142856,5,3.5,3.0,112.0,42.2,0,1,2.0,0.0,0.6,features,0.0,False,2024-12-29,5593.2,2024-11-28,2024-12-29,31,1.0
A-dec005,Company_445,HealthTech,US,2023-10-13,partner,Pro,21,0,0,30744.0,3074.4,10746.0,10,1,0,3,7,2023-10-17,2024-11-15,1,0.3,51,40.33694444444444,47.45522875816994,44,31,6,86.27450980392157,0.11764705882352941,2,3.0,3.0,152.0,59.0,0,0,1.0,0.0,0.5,support,0.0,False,2024-11-23,1464.0,2023-10-13,2024-11-23,407,13.4
A-5790f4,Company_446,FinTech,UK,2024-12-22,event,Pro,1,1,0,18926.0,3154.3333333333335,12537.0,6,0,0,3,3,2024-12-22,2024-12-26,0,0.5,35,26.635555555555555,45.66095238095238,26,25,2,74.28571428571429,0.05714285714285714,4,4.0,4.0,57.25,44.0,1,1,0.0,25.0,0.25,support,444.1,False,2024-12-26,18926.0,2024-12-22,2024-12-26,4,0.1
A-7c83a1,Company_447,Cybersecurity,US,2024-05-06,partner,Pro,12,0,0,16731.0,1394.25,5174.0,12,0,1,4,8,2024-05-14,2024-12-30,-1,0.3333333333333333,62,56.530277777777776,54.70672043010753,23,29,4,37.096774193548384,0.06451612903225806,4,4.0,3.0,86.25,42.0,0,0,2.0,0.0,0.5,unknown,0.0,False,2024-05-19,1394.25,2024-05-06,2024-05-19,13,0.4
A-297a2d,Company_448,HealthTech,UK,2023-05-05,event,Pro,27,0,0,14373.0,2874.6,7164.0,5,3,0,4,1,2023-08-15,2024-11-05,3,0.8,25,19.558888888888887,46.94133333333333,22,23,6,88.0,0.24,2,3.0,3.0,84.5,32.5,0,0,2.0,0.0,1.0,,0.0,,,532.3333333333334,2023-05-05,,606,19.9
A-4c56c9,Company_449,FinTech,US,2023-12-20,partner,Enterprise,9,0,1,30471.0,2343.923076923077,9751.0,13,0,0,8,5,2024-05-13,2024-12-29,0,0.6153846153846154,64,54.424166666666665,51.02265625,38,34,7,59.375,0.109375,5,3.75,3.0,68.2,38.6,0,0,2.0,0.0,0.4,budget,44.23,False,2024-04-05,3385.6666666666665,2023-12-20,2024-04-05,107,3.5
A-cbbe12,Company_450,Cybersecurity,DE,2023-03-22,partner,Enterprise,40,0,0,13081.0,2180.1666666666665,7960.0,6,1,1,1,5,2023-07-21,2024-12-16,0,0.16666666666666666,22,13.884166666666667,37.86590909090909,10,14,0,45.45454545454545,0.0,6,4.25,3.0,74.5,38.0,0,2,2.0,0.0,0.6666666666666666,,0.0,,,327.025,2023-03-22,,650,21.4
A-4a267b,Company_451,FinTech,US,2024-05-05,other,Pro,25,0,0,29687.0,2968.7,12537.0,10,1,1,6,4,2024-05-09,2024-11-06,0,0.6,50,41.94,50.327999999999996,22,31,7,44.0,0.14,4,4.333333333333333,3.0,105.0,16.25,0,1,1.0,0.0,0.5,support,64.54,False,2024-06-17,1187.48,2024-05-05,2024-06-17,43,1.4
A-bcbe98,Company_452,Cybersecurity,US,2024-07-29,other,Enterprise,46,0,0,21666.0,1969.6363636363637,9154.0,11,2,1,6,5,2024-07-29,2024-12-30,1,0.5454545454545454,65,48.2275,44.51769230769231,43,34,12,66.15384615384615,0.18461538461538463,7,4.0,3.0,61.57142857142857,38.285714285714285,1,3,1.0,14.285714285714285,0.5714285714285714,competitor,0.0,False,2024-11-25,471.0,2024-07-29,2024-11-25,119,3.9
A-427b69,Company_453,FinTech,US,2024-08-23,other,Basic,17,0,0,19958.0,1995.8,6766.0,10,0,0,6,4,2024-09-07,2024-12-16,0,0.6,70,59.94555555555556,51.38190476190476,36,32,11,51.42857142857142,0.15714285714285714,2,3.0,3.0,109.5,31.5,0,1,0.0,0.0,0.5,,0.0,,,1174.0,2024-08-23,,130,4.3
A-0be015,Company_454,FinTech,US,2024-10-15,event,Pro,19,0,0,1178.0,235.6,456.0,5,0,0,2,3,2024-10-21,2024-12-31,0,0.4,28,24.50138888888889,52.50297619047619,13,19,3,46.42857142857143,0.10714285714285714,7,4.2,4.0,84.85714285714286,40.285714285714285,1,2,2.0,14.285714285714285,0.5714285714285714,unknown,74.68,False,2024-12-13,62.0,2024-10-15,2024-12-13,59,1.9
A-054577,Company_455,EdTech,UK,2024-04-28,ads,Basic,2,0,0,44601.0,2787.5625,16915.0,16,1,1,5,11,2024-05-03,2024-12-09,0,0.3125,85,61.04083333333333,43.087647058823535,52,36,10,61.1764705882353,0.11764705882352941,1,4.0,4.0,70.0,46.0,0,1,0.0,0.0,1.0,,0.0,,,22300.5,2024-04-28,,247,8.1
A-bc87bc,Company_456,FinTech,US,2024-07-17,event,Pro,3,0,0,12032.0,1504.0,6169.0,8,0,0,4,4,2024-09-11,2024-12-15,0,0.5,36,37.544444444444444,62.57407407407407,14,24,3,38.88888888888889,0.08333333333333333,7,3.75,3.0,112.0,40.57142857142857,0,1,3.0,0.0,0.5714285714285714,,0.0,,,4010.6666666666665,2024-07-17,,167,5.5
A-0f7d77,Company_457,FinTech,IN,2024-10-28,partner,Pro,3,0,0,2326.0,387.6666666666667,1393.0,6,0,0,2,4,2024-11-11,2024-12-31,0,0.3333333333333333,30,26.0925,52.184999999999995,19,23,1,63.33333333333333,0.03333333333333333,5,5.0,5.0,74.6,27.2,0,0,3.0,0.0,0.6,competitor,0.0,True,2024-11-09,775.3333333333334,2024-10-28,2024-11-09,12,0.4
A-e7beab,Company_458,EdTech,DE,2023-10-20,organic,Enterprise,5,0,0,11332.0,1618.857142857143,4179.0,7,0,0,3,4,2023-10-23,2024-12-23,0,0.42857142857142855,36,36.409444444444446,60.6824074074074,17,22,2,47.22222222222222,0.05555555555555555,6,4.0,3.0,124.66666666666667,36.666666666666664,0,0,2.0,0.0,0.3333333333333333,features,0.0,False,2024-04-25,2266.4,2023-10-20,2024-04-25,188,6.2
A-a09355,Company_459,FinTech,US,2024-08-10,organic,Basic,14,0,0,34140.0,2133.75,6567.0,16,0,1,6,10,2024-08-22,2024-12-29,-1,0.375,78,60.29555555555555,46.38119658119658,47,33,8,60.256410256410255,0.10256410256410256,5,4.0,3.0,66.6,32.6,0,3,0.0,0.0,0.6,support,135.11,False,2024-09-13,2438.5714285714284,2024-08-10,2024-09-13,34,1.1
A-31ab9a,Company_460,FinTech,DE,2024-03-03,organic,Pro,3,0,0,15802.0,2257.4285714285716,5771.0,7,0,0,3,4,2024-03-23,2024-12-10,0,0.42857142857142855,34,36.088055555555556,63.68480392156862,23,19,4,67.64705882352942,0.11764705882352941,7,3.5,3.0,67.71428571428571,43.142857142857146,0,2,1.0,0.0,0.42857142857142855,competitor,0.0,True,2024-09-23,5267.333333333333,2024-03-03,2024-09-23,204,6.7
A-0158bb,Company_461,FinTech,DE,2024-05-22,partner,Basic,5,0,0,4070.0,678.3333333333334,2205.0,6,1,0,2,4,2024-05-30,2024-12-31,1,0.3333333333333333,36,33.903055555555554,56.5050925925926,22,19,3,61.111111111111114,0.08333333333333333,1,3.0,3.0,50.0,32.0,0,1,0.0,0.0,1.0,,0.0,,,814.0,2024-05-22,,223,7.3
A-f19b24,Company_462,Cybersecurity,US,2023-01-10,organic,Pro,29,1,0,2523.0,841.0,1421.0,3,0,0,1,2,2024-03-17,2024-12-01,0,0.3333333333333333,12,12.78111111111111,63.90555555555556,10,12,0,83.33333333333334,0.0,2,4.0,4.0,74.0,35.5,1,1,0.0,50.0,0.5,,0.0,,,87.0,2023-01-10,,721,23.7
A-798a3f,Company_463,DevTools,FR,2023-10-19,other,Enterprise,12,0,1,14152.0,1572.4444444444443,5174.0,9,1,0,5,4,2023-12-25,2024-10-11,1,0.5555555555555556,37,29.20722222222222,47.36306306306306,19,19,3,51.35135135135135,0.08108108108108109,5,4.0,3.0,45.2,33.0,0,3,2.0,0.0,1.0,support,0.0,False,2024-07-19,1179.3333333333333,2023-10-19,2024-07-19,274,9.0
A-42b791,Company_464,FinTech,AU,2024-05-20,event,Pro,3,0,0,19060.0,2722.8571428571427,14925.0,7,0,0,3,4,2024-06-11,2024-12-30,0,0.42857142857142855,32,23.525833333333335,44.1109375,6,19,2,18.75,0.0625,3,4.0,3.0,72.0,33.666666666666664,0,1,1.0,0.0,0.6666666666666666,,0.0,,,6353.333333333333,2024-05-20,,225,7.4
A-068fc6,Company_465,EdTech,US,2023-07-17,event,Enterprise,35,0,0,29085.0,2908.5,6965.0,10,1,0,2,8,2023-10-28,2024-12-16,1,0.2,59,52.51027777777778,53.40028248587571,29,32,5,49.152542372881356,0.0847457627118644,5,4.333333333333333,4.0,121.4,38.8,0,4,0.0,0.0,0.8,,0.0,,,831.0,2023-07-17,,533,17.5
A-6f50ae,Company_466,FinTech,US,2023-09-21,partner,Pro,19,0,1,26608.0,1900.5714285714287,9950.0,14,0,1,8,6,2023-11-11,2024-12-31,-1,0.5714285714285714,83,66.67,48.195180722891564,48,35,5,57.831325301204814,0.060240963855421686,5,4.5,4.0,87.4,31.0,0,1,1.0,0.0,0.4,features,0.0,True,2024-02-26,1400.421052631579,2023-09-21,2024-02-26,158,5.2
A-a2485e,Company_467,FinTech,US,2024-08-04,event,Pro,3,1,0,8775.0,1462.5,3383.0,6,0,1,4,2,2024-08-08,2024-12-05,-1,0.6666666666666666,28,28.513055555555557,61.099404761904765,13,22,5,46.42857142857143,0.17857142857142858,0,3.981276595744681,,88.48,35.861,0,0,,0.0,0.0,,0.0,,,2925.0,2024-08-04,,149,4.9
A-bb1eaa,Company_468,Cybersecurity,US,2024-06-11,organic,Basic,21,0,0,10381.0,2076.2,4179.0,5,0,1,3,2,2024-06-30,2024-12-12,-1,0.6,17,12.59361111111111,44.44803921568628,7,15,2,41.17647058823529,0.11764705882352941,6,4.5,4.0,92.33333333333333,23.5,0,4,1.0,0.0,0.8333333333333334,pricing,0.0,False,2024-08-15,494.3333333333333,2024-06-11,2024-08-15,65,2.1
A-cc98bc,Company_469,DevTools,US,2023-05-24,ads,Basic,32,0,0,21567.0,2156.7,6368.0,10,1,0,5,5,2023-05-27,2024-09-20,1,0.5,53,44.575,50.4622641509434,24,29,3,45.28301886792453,0.05660377358490566,3,4.0,4.0,122.33333333333333,4.666666666666667,0,1,0.0,0.0,0.3333333333333333,,0.0,,,673.96875,2023-05-24,,587,19.3
A-d77f4c,Company_470,DevTools,US,2023-09-25,partner,Pro,4,1,0,48726.0,3480.4285714285716,18706.0,14,4,1,6,8,2023-10-24,2024-12-17,3,0.42857142857142855,62,50.568333333333335,48.93709677419354,32,31,6,51.61290322580645,0.0967741935483871,2,4.0,3.0,75.0,31.0,0,1,0.0,0.0,0.5,unknown,0.0,False,2024-10-03,12181.5,2023-09-25,2024-10-03,374,12.3
A-ccabf0,Company_471,HealthTech,IN,2023-11-06,organic,Pro,1,0,0,22379.0,2237.9,11741.0,10,0,1,7,3,2023-11-07,2024-10-15,-1,0.7,50,46.96888888888889,56.36266666666667,29,31,8,57.99999999999999,0.16,4,3.6666666666666665,3.0,89.75,46.25,0,0,2.0,0.0,0.5,features,0.0,False,2024-10-31,22379.0,2023-11-06,2024-10-31,360,11.8
A-700ade,Company_472,Cybersecurity,UK,2024-10-31,organic,Enterprise,1,1,0,16875.0,2109.375,9552.0,8,0,0,3,5,2024-11-07,2024-12-29,0,0.375,29,23.716944444444444,49.06954022988506,18,20,2,62.06896551724138,0.06896551724137931,4,4.666666666666667,4.0,53.5,30.25,0,3,0.0,0.0,0.75,,0.0,,,16875.0,2024-10-31,,61,2.0
A-4a4c2d,Company_473,DevTools,US,2023-05-02,event,Enterprise,54,0,0,33966.0,2612.769230769231,10746.0,13,1,1,5,8,2023-07-03,2024-12-11,0,0.38461538461538464,59,45.61333333333334,46.3864406779661,37,28,1,62.71186440677966,0.01694915254237288,5,4.25,4.0,104.0,42.0,0,0,2.0,0.0,0.4,,0.0,,,629.0,2023-05-02,,609,20.0
A-b7ef83,Company_474,Cybersecurity,UK,2024-05-29,partner,Pro,1,1,0,35868.0,2391.2,8955.0,15,2,0,8,7,2024-06-12,2024-12-30,2,0.5333333333333333,72,60.215833333333336,50.17986111111111,39,34,8,54.166666666666664,0.1111111111111111,2,4.0,4.0,79.0,47.5,0,1,0.0,0.0,0.5,budget,60.25,True,2024-07-24,35868.0,2024-05-29,2024-07-24,56,1.8
A-e08cd3,Company_475,FinTech,US,2024-09-21,ads,Pro,67,1,0,71020.0,6456.363636363636,13333.0,11,0,1,5,6,2024-09-30,2024-12-25,-1,0.45454545454545453,43,38.35111111111111,53.51317829457364,21,30,7,48.837209302325576,0.16279069767441862,8,4.0,3.0,93.0,30.375,0,3,3.0,0.0,0.75,competitor,0.0,False,2024-09-21,1060.0,2024-09-21,2024-09-21,1,0.0
A-19b2c8,Company_476,DevTools,IN,2023-06-06,other,Pro,20,0,0,26703.0,2054.076923076923,5572.0,13,1,0,6,7,2023-06-19,2024-10-25,1,0.46153846153846156,63,52.33361111111111,49.841534391534395,34,31,4,53.96825396825397,0.06349206349206349,3,4.666666666666667,4.0,90.0,29.333333333333332,0,0,1.0,0.0,0.3333333333333333,pricing,0.0,False,2024-08-16,1335.15,2023-06-06,2024-08-16,437,14.4
A-970c97,Company_477,HealthTech,DE,2024-03-01,other,Enterprise,14,0,0,15381.0,1922.625,5572.0,8,0,1,5,3,2024-03-06,2024-12-16,-1,0.625,44,37.147777777777776,50.656060606060606,24,26,2,54.54545454545454,0.045454545454545456,1,5.0,5.0,139.0,61.0,0,1,0.0,0.0,1.0,,0.0,,,1098.642857142857,2024-03-01,,305,10.0
A-6dee43,Company_478,FinTech,UK,2023-08-12,other,Basic,3,1,0,22770.0,2070.0,15920.0,11,1,0,8,3,2023-10-22,2024-10-16,1,0.7272727272727273,48,39.593333333333334,49.49166666666667,11,28,2,22.916666666666664,0.041666666666666664,5,4.333333333333333,3.0,48.8,44.2,0,3,2.0,0.0,1.0,pricing,143.8,False,2024-01-14,7590.0,2023-08-12,2024-01-14,155,5.1
A-5ed98d,Company_479,DevTools,US,2024-06-22,partner,Basic,24,0,0,15478.0,1934.75,4776.0,8,1,0,5,3,2024-06-28,2024-12-21,1,0.625,32,25.087222222222223,47.03854166666667,18,23,2,56.25,0.0625,5,5.0,5.0,91.8,35.8,0,2,0.0,0.0,0.4,features,0.0,False,2024-09-27,644.9166666666666,2024-06-22,2024-09-27,97,3.2
A-c58f49,Company_480,EdTech,US,2024-07-31,other,Enterprise,70,1,0,70980.0,10140.0,13930.0,7,1,0,2,5,2024-08-10,2024-11-24,1,0.2857142857142857,38,30.15,47.60526315789473,22,24,3,57.89473684210527,0.07894736842105263,3,5.0,5.0,60.0,36.333333333333336,1,2,0.0,33.33333333333333,0.6666666666666666,competitor,159.96,False,2024-08-27,1014.0,2024-07-31,2024-08-27,27,0.9
A-9c18c4,Company_481,HealthTech,US,2023-07-27,ads,Pro,11,0,1,17823.0,1782.3,3781.0,10,3,0,5,5,2023-08-09,2024-10-13,3,0.5,56,49.570277777777775,53.1110119047619,37,30,4,66.07142857142857,0.07142857142857142,4,4.0,3.0,130.25,42.25,0,1,1.0,0.0,0.5,,0.0,,,1620.2727272727273,2023-07-27,,523,17.2
A-cc8c8f,Company_482,DevTools,US,2024-06-16,ads,Enterprise,23,0,0,15600.0,2228.5714285714284,5572.0,7,1,1,5,2,2024-06-21,2024-12-19,0,0.7142857142857143,28,18.60638888888889,39.87083333333333,18,20,1,64.28571428571429,0.03571428571428571,2,3.5,3.0,123.0,14.5,0,2,0.0,0.0,1.0,budget,0.0,False,2024-09-12,678.2608695652174,2024-06-16,2024-09-12,88,2.9
A-5f7781,Company_483,DevTools,US,2024-08-20,other,Pro,22,0,0,10252.0,2050.4,4378.0,5,1,0,3,2,2024-08-27,2024-12-07,1,0.6,18,19.306944444444444,64.35648148148148,10,16,2,55.55555555555556,0.1111111111111111,2,4.0,4.0,42.0,28.5,0,0,2.0,0.0,1.0,pricing,0.0,False,2024-12-25,466.0,2024-08-20,2024-12-25,127,4.2
A-e1b9cd,Company_484,DevTools,US,2023-02-26,event,Pro,40,0,1,37042.0,2469.4666666666667,7960.0,15,0,3,7,8,2023-03-21,2024-12-24,-3,0.4666666666666667,80,67.67111111111112,50.75333333333333,47,34,9,58.75,0.1125,1,3.0,3.0,115.0,35.0,0,0,1.0,0.0,1.0,unknown,0.0,False,2024-10-01,926.05,2023-02-26,2024-10-01,583,19.2
A-ac85cd,Company_485,EdTech,US,2024-07-31,partner,Enterprise,53,0,0,41267.0,3438.9166666666665,12139.0,12,1,2,6,6,2024-08-02,2024-12-26,-1,0.5,63,48.88944444444444,46.56137566137566,29,30,5,46.03174603174603,0.07936507936507936,3,3.5,3.0,76.33333333333333,33.666666666666664,0,0,0.0,0.0,0.0,features,186.32999999999998,True,2024-10-20,778.622641509434,2024-07-31,2024-10-20,81,2.7
A-d792a6,Company_486,DevTools,US,2023-01-23,organic,Enterprise,4,0,0,23049.0,1536.6,12935.0,15,1,1,8,7,2023-02-06,2024-10-17,0,0.5333333333333333,68,56.49861111111111,49.85171568627451,40,32,7,58.82352941176471,0.10294117647058823,5,4.0,4.0,97.8,40.6,0,2,1.0,0.0,0.6,support,0.0,False,2024-08-13,5762.25,2023-01-23,2024-08-13,568,18.7
A-ac9111,Company_487,HealthTech,US,2023-08-12,event,Pro,21,1,0,26626.0,1664.125,6368.0,16,0,1,7,9,2023-09-06,2024-12-21,-1,0.4375,83,70.64722222222223,51.070281124497996,46,36,10,55.42168674698795,0.12048192771084337,3,5.0,5.0,89.66666666666667,24.666666666666668,0,2,0.0,0.0,0.6666666666666666,budget,0.0,False,2024-06-25,1267.904761904762,2023-08-12,2024-06-25,318,10.4
A-18793f,Company_488,EdTech,US,2024-12-18,organic,Basic,148,1,0,78588.0,7144.363636363636,29452.0,11,1,0,5,6,2024-12-19,2024-12-30,1,0.45454545454545453,48,46.75277777777778,58.44097222222222,20,30,4,41.66666666666667,0.08333333333333333,5,3.8,3.0,101.6,45.2,0,0,2.0,0.0,0.4,support,25.41,False,2024-12-30,531.0,2024-12-18,2024-12-30,12,0.4
A-9f0b68,Company_489,EdTech,US,2024-04-28,ads,Basic,10,0,0,28518.0,2376.5,6766.0,12,2,1,8,4,2024-05-17,2024-11-30,1,0.6666666666666666,70,53.92305555555556,46.2197619047619,33,36,12,47.14285714285714,0.17142857142857143,3,3.0,3.0,96.33333333333333,30.333333333333332,0,1,1.0,0.0,0.6666666666666666,features,0.0,False,2024-08-10,2851.8,2024-04-28,2024-08-10,104,3.4
A-d3c88e,Company_490,DevTools,US,2024-10-18,event,Pro,16,0,0,26183.0,2014.076923076923,9353.0,13,3,0,6,7,2024-10-23,2024-12-29,3,0.46153846153846156,64,56.80083333333334,53.25078125,48,33,11,75.0,0.171875,3,4.0,4.0,48.0,58.0,0,1,2.0,0.0,1.0,support,0.0,False,2024-11-18,1636.4375,2024-10-18,2024-11-18,31,1.0
A-ccb686,Company_491,DevTools,US,2024-01-22,other,Basic,10,0,0,21541.0,1795.0833333333333,10547.0,12,4,1,7,5,2024-02-02,2024-12-11,3,0.5833333333333334,70,56.62444444444444,48.5352380952381,46,35,8,65.71428571428571,0.11428571428571428,1,4.0,4.0,30.0,67.0,0,0,1.0,0.0,1.0,budget,25.92,False,2024-06-22,2154.1,2024-01-22,2024-06-22,152,5.0
A-118f1c,Company_492,Cybersecurity,US,2024-10-31,other,Pro,32,0,0,52160.0,6520.0,25472.0,8,0,0,6,2,2024-10-31,2024-12-28,0,0.75,38,26.893333333333334,42.46315789473684,14,22,2,36.84210526315789,0.05263157894736842,1,3.0,3.0,141.0,64.0,0,0,0.0,0.0,0.0,budget,0.0,False,2024-12-17,1630.0,2024-10-31,2024-12-17,47,1.5
A-0e966d,Company_493,FinTech,IN,2024-06-25,ads,Basic,11,0,1,12445.0,1131.3636363636363,4577.0,11,0,0,6,5,2024-06-30,2024-11-26,0,0.5454545454545454,64,54.9125,51.48046875,34,31,11,53.125,0.171875,3,4.5,4.0,95.33333333333333,31.666666666666668,1,0,1.0,33.33333333333333,0.3333333333333333,,0.0,,,1131.3636363636363,2024-06-25,,189,6.2
A-b9f5b1,Company_494,Cybersecurity,US,2023-01-24,other,Pro,15,1,0,7072.0,1010.2857142857143,2985.0,7,0,0,5,2,2023-03-12,2024-10-15,0,0.7142857142857143,30,25.16,50.32,12,21,3,40.0,0.1,6,3.3333333333333335,3.0,75.66666666666667,31.833333333333332,1,2,0.0,16.666666666666664,0.3333333333333333,features,0.0,False,2023-07-21,471.46666666666664,2023-01-24,2023-07-21,178,5.8
A-8ae3fc,Company_495,DevTools,CA,2024-06-28,ads,Pro,9,0,0,4447.0,555.875,1666.0,8,0,0,4,4,2024-07-17,2024-12-16,0,0.5,39,36.178333333333335,55.658974358974355,30,26,5,76.92307692307693,0.1282051282051282,4,3.5,3.0,65.5,39.5,0,2,2.0,0.0,1.0,budget,0.0,False,2024-08-10,494.1111111111111,2024-06-28,2024-08-10,43,1.4
A-55f257,Company_496,FinTech,US,2023-12-21,organic,Basic,9,0,0,12137.0,1213.7,4577.0,10,3,0,6,4,2024-01-12,2024-08-19,3,0.6,53,40.547777777777775,45.903144654088045,25,31,6,47.16981132075472,0.11320754716981132,6,5.0,5.0,114.5,43.166666666666664,0,2,1.0,0.0,0.5,,0.0,,,1348.5555555555557,2023-12-21,,376,12.4
A-d26ab4,Company_497,DevTools,UK,2024-11-07,organic,Basic,9,0,1,16613.0,1845.888888888889,6567.0,9,0,1,4,5,2024-11-08,2024-12-27,-1,0.4444444444444444,46,33.716388888888886,43.97789855072464,24,24,3,52.17391304347826,0.06521739130434782,2,4.0,4.0,110.0,49.5,0,1,0.0,0.0,0.5,pricing,86.02,False,2024-12-26,1845.888888888889,2024-11-07,2024-12-26,49,1.6
A-712533,Company_498,EdTech,US,2023-07-31,organic,Pro,18,0,0,19382.0,1615.1666666666667,3582.0,12,1,0,5,7,2023-08-13,2024-12-05,1,0.4166666666666667,55,50.01555555555556,54.562424242424235,35,32,4,63.63636363636363,0.07272727272727272,5,3.75,3.0,97.2,37.4,0,0,2.0,0.0,0.4,unknown,0.0,False,2024-07-18,1076.7777777777778,2023-07-31,2024-07-18,353,11.6
A-781cc0,Company_499,EdTech,US,2024-09-04,organic,Pro,12,0,0,18315.0,1144.6875,4378.0,16,2,0,7,9,2024-09-04,2024-12-08,2,0.4375,87,75.00222222222222,51.72567049808429,42,31,7,48.275862068965516,0.08045977011494253,4,3.6666666666666665,3.0,106.0,57.5,0,0,3.0,0.0,0.75,budget,0.0,False,2024-12-09,1526.25,2024-09-04,2024-12-09,96,3.2
